lab_id,latitude,longitude,nuclide_id,salinity,sampdepth,samplabcode,station,temperatur,begperiod,uncertaint,unit_id,activity,samptype_id
345,75.00083,-150.00133,28,34.935776,2001.7275,289.0,CB4,-0.3938,2021-08-28 13:29:58,2.027918e+07,9,6.398086e+08,1
345,75.00083,-150.00133,28,34.904095,1501.9213,290.0,CB4,-0.2678,2021-08-28 13:29:58,4.0842184e+07,9,1.3157745e+09,1
345,75.00083,-150.00133,28,34.872437,1001.43085,291.0,CB4,0.0751,2021-08-28 13:29:58,4.4012936e+07,9,1.409492e+09,1
345,75.00083,-150.00133,28,34.86178,801.98816,292.0,CB4,0.3395,2021-08-28 13:29:58,4.4778124e+07,9,1.433159e+09,1
345,75.00083,-150.00133,28,34.84795,601.43585,293.0,CB4,0.6611,2021-08-28 13:29:58,3.93104e+07,9,1.2673837e+09,1
345,75.00083,-150.00133,28,34.604916,337.70245,297.0,CB4,0.1614,2021-08-28 13:29:58,5.869902e+07,9,1.90357e+09,1
345,75.00083,-150.00133,28,33.687225,253.62584,300.0,CB4,-1.1677,2021-08-28 13:29:58,1.0391615e+07,9,3.1382038e+08,1
345,75.00083,-150.00133,28,32.3105,134.66966,304.0,CB4,-1.2304,2021-08-28 13:29:58,4.2650165e+06,9,7.662255e+07,1
345,75.00083,-150.00133,28,31.865965,98.52983,305.0,CB4,-0.6188,2021-08-28 13:29:58,5.4345195e+06,9,1.3089825e+08,1
345,75.00083,-150.00133,28,31.007257,64.96174,306.0,CB4,0.8008,2021-08-28 13:29:58,6.6234855e+06,9,1.7956307e+08,1
345,75.3045,-153.32016,28,34.903763,1501.7805,335.0,CB5,-0.2561,2021-08-29 07:02:04,7.213723e+07,9,2.3382712e+09,1
345,75.3045,-153.32016,28,34.87804,1001.8217,336.0,CB5,0.1165,2021-08-29 07:02:04,3.437848e+07,9,1.0936408e+09,1
345,75.3045,-153.32016,28,34.86943,802.1338,337.0,CB5,0.3884,2021-08-29 07:02:04,7.5074296e+07,9,2.4210555e+09,1
345,75.3045,-153.32016,28,34.858177,601.6564,338.0,CB5,0.741,2021-08-29 07:02:04,5.009138e+07,9,1.6240361e+09,1
345,75.3045,-153.32016,28,34.621956,328.8938,342.0,CB5,0.1969,2021-08-29 07:02:04,6.174274e+07,9,2.0058925e+09,1
345,75.3045,-153.32016,28,33.687325,247.6406,345.0,CB5,-1.1166,2021-08-29 07:02:04,1.2799851e+07,9,3.952433e+08,1
345,75.3045,-153.32016,28,32.339405,133.07755,349.0,CB5,-1.2105,2021-08-29 07:02:04,4.452211e+06,9,8.513531e+07,1
345,75.3045,-153.32016,28,31.019882,62.429245,351.0,CB5,0.2637,2021-08-29 07:02:04,6.4322645e+06,9,1.7209565e+08,1
345,75.3045,-153.32016,28,28.124187,20.724136,354.0,CB5,-1.0357,2021-08-29 07:02:04,6.5183455e+06,9,1.7536022e+08,1
345,74.00283,-140.02017,28,26.575974,5.1036158,782.0,CB21,-1.3724,2021-09-07 21:55:31,8.796291e+06,9,2.5840024e+08,1
345,74.00283,-140.02017,28,32.29242,148.95683,790.0,CB21,-1.2001,2021-09-07 21:55:31,4.2889065e+06,9,7.848849e+07,1
345,74.00283,-140.02017,28,26.374844,20.0436,802.0,CB21,-1.3556,2021-09-07 21:55:31,6.713405e+06,9,1.8287157e+08,1
345,73.997,-140.07883,28,34.956482,3421.0508,809.0,CB21,-0.2849,2021-09-08 00:20:49,3.6802335e+06,9,298512.7,1
345,73.997,-140.07883,28,34.95221,2501.7988,811.0,CB21,-0.3766,2021-09-08 00:20:49,3.5323368e+06,9,2.477208e+07,1
345,73.997,-140.07883,28,34.939808,2002.0006,812.0,CB21,-0.4025,2021-09-08 00:20:49,6.366328e+06,9,1.6409211e+08,1
345,73.997,-140.07883,28,34.91066,1501.7032,813.0,CB21,-0.2841,2021-09-08 00:20:49,1.9716418e+07,9,6.213655e+08,1
345,73.997,-140.07883,28,34.8752,1000.4476,817.0,CB21,0.0501,2021-09-08 00:20:49,2.4078916e+07,9,7.613612e+08,1
345,73.997,-140.07883,28,34.861908,802.19806,818.0,CB21,0.3114,2021-09-08 00:20:49,2.965806e+07,9,9.42086e+08,1
345,73.997,-140.07883,28,34.84751,602.1741,819.0,CB21,0.6276,2021-09-08 00:20:49,3.0064956e+07,9,9.5529926e+08,1
345,73.997,-140.07883,28,34.702328,379.19577,825.0,CB21,0.3993,2021-09-08 00:20:49,6.493035e+07,9,2.1070674e+09,1
345,74.30983,-143.0685,28,32.631355,184.2779,830.0,CB19,-1.3792,2021-09-08 07:56:49,3.3654298e+06,9,706918.4,1
345,74.30983,-143.0685,28,34.95124,2501.4985,834.0,CB19,-0.3755,2021-09-08 07:56:49,3.8307435e+06,9,4.9065604e+07,1
345,74.30983,-143.0685,28,34.93879,2001.7477,835.0,CB19,-0.3996,2021-09-08 07:56:49,1.3057811e+07,9,4.010405e+08,1
345,74.30983,-143.0685,28,34.907864,1502.1471,836.0,CB19,-0.2857,2021-09-08 07:56:49,7.2991016e+07,9,2.3613555e+09,1
345,74.30983,-143.0685,28,34.874905,1001.45465,837.0,CB19,0.0386,2021-09-08 07:56:49,2.831379e+07,9,8.9781664e+08,1
345,74.30983,-143.0685,28,34.862293,801.4741,838.0,CB19,0.2937,2021-09-08 07:56:49,3.1097718e+07,9,9.886539e+08,1
345,74.30983,-143.0685,28,34.8482,601.75146,839.0,CB19,0.6178,2021-09-08 07:56:49,3.653833e+07,9,1.167358e+09,1
345,74.30983,-143.0685,28,34.7118,369.40747,842.0,CB19,0.4271,2021-09-08 07:56:49,6.1175604e+07,9,1.9822781e+09,1
345,74.30983,-143.0685,28,33.618935,249.70312,845.0,CB19,-1.1857,2021-09-08 07:56:49,1.2741093e+07,9,3.932813e+08,1
345,74.30983,-143.0685,28,32.359276,145.83057,849.0,CB19,-1.2593,2021-09-08 07:56:49,4.3455065e+06,9,8.104169e+07,1
345,74.30983,-143.0685,28,30.989622,72.84175,852.0,CB19,0.44,2021-09-08 07:56:49,6.733304e+06,9,1.8136334e+08,1
345,74.30983,-143.0685,28,26.801325,21.0754,853.0,CB19,-1.3013,2021-09-08 07:56:49,6.6878975e+06,9,1.8152694e+08,1
345,72.3485,-134.01784,28,34.951538,2053.6602,926.0,CB31b,-0.3892,2021-09-10 17:19:31,8.34787e+06,9,2.4069605e+08,1
345,72.3485,-134.01784,28,34.911858,1501.9165,927.0,CB31b,-0.3122,2021-09-10 17:19:31,1.6047923e+07,9,5.02186e+08,1
345,72.3485,-134.01784,28,34.87736,1001.80066,928.0,CB31b,0.0023,2021-09-10 17:19:31,1.5971517e+07,9,4.961227e+08,1
345,72.3485,-134.01784,28,34.86576,802.16425,929.1,CB31b,0.2364,2021-09-10 17:19:31,2.3231014e+07,9,7.3357165e+08,1
345,72.3485,-134.01784,28,34.848175,602.5446,930.0,CB31b,0.5164,2021-09-10 17:19:31,2.9272232e+07,9,9.308782e+08,1
345,72.3485,-134.01784,28,34.601204,294.26462,935.0,CB31b,0.1399,2021-09-10 17:19:31,7.440104e+07,9,2.417192e+09,1
345,72.3485,-134.01784,28,33.66925,211.28221,938.0,CB31b,-1.0677,2021-09-10 17:19:31,8.597195e+06,9,2.5187376e+08,1
345,72.3485,-134.01784,28,32.356472,125.14646,942.0,CB31b,-1.2687,2021-09-10 17:19:31,4.433463e+06,9,8.395779e+07,1
345,72.3485,-134.01784,28,30.784124,56.21765,945.0,CB31b,0.7481,2021-09-10 17:19:31,6.568459e+06,9,1.757371e+08,1
345,72.3485,-134.01784,28,26.401276,4.868495,948.0,CB31b,-1.3284,2021-09-10 17:19:31,6.4850265e+06,9,1.7481734e+08,1
345,72.90483,-135.98433,28,26.397741,4.865383,949.0,CB23a,-1.3278,2021-09-11 02:19:11,3.3691945e+06,9,2.3412035e+06,1
345,72.90483,-135.98433,28,34.93806,2001.9305,952.0,CB23a,-0.3912,2021-09-11 02:19:11,9.494057e+06,9,2.8125446e+08,1
345,72.90483,-135.98433,28,34.906277,1502.4934,953.0,CB23a,-0.2708,2021-09-11 02:19:11,2.1785268e+07,9,6.913711e+08,1
345,72.90483,-135.98433,28,34.872757,1002.2647,954.0,CB23a,0.0572,2021-09-11 02:19:11,2.4324412e+07,9,7.6883034e+08,1
345,72.90483,-135.98433,28,34.860752,802.0658,955.0,CB23a,0.3066,2021-09-11 02:19:11,2.6832348e+07,9,8.5049434e+08,1
345,72.90483,-135.98433,28,34.845257,602.076,956.0,CB23a,0.5894,2021-09-11 02:19:11,2.7408652e+07,9,8.691932e+08,1
345,72.90483,-135.98433,28,33.710815,246.12248,962.0,CB23a,-1.1274,2021-09-11 02:19:11,8.260895e+06,9,2.400239e+08,1
345,72.90483,-135.98433,28,32.315323,142.5118,966.0,CB23a,-1.2113,2021-09-11 02:19:11,4.349167e+06,9,8.1337704e+07,1
345,72.90483,-135.98433,28,30.785158,67.6576,969.0,CB23a,0.6962,2021-09-11 02:19:11,6.7606925e+06,9,1.8130632e+08,1
345,73.4525,-138.01633,28,26.048637,5.055262,973.0,CB22,-1.2145,2021-09-11 08:45:51,3.3741355e+06,9,3.1068645e+06,1
345,73.4525,-138.01633,28,34.93968,1999.2338,976.0,CB22,-0.4006,2021-09-11 08:45:51,9.153957e+06,9,2.697394e+08,1
345,73.4525,-138.01633,28,34.909676,1502.0524,977.1,CB22,-0.2929,2021-09-11 08:45:51,1.5001602e+07,9,4.6578694e+08,1
345,73.4525,-138.01633,28,34.87649,1001.66833,978.0,CB22,0.0308,2021-09-11 08:45:51,2.035243e+07,9,6.395861e+08,1
345,73.4525,-138.01633,28,34.86307,801.80963,979.0,CB22,0.2774,2021-09-11 08:45:51,2.4694944e+07,9,7.8149056e+08,1
345,73.4525,-138.01633,28,34.848537,601.9091,980.0,CB22,0.602,2021-09-11 08:45:51,3.699414e+07,9,1.1804435e+09,1
345,73.4525,-138.01633,28,34.607166,333.7715,984.0,CB22,0.1605,2021-09-11 08:45:51,7.45936e+07,9,2.4208033e+09,1
345,73.4525,-138.01633,28,32.34157,145.8397,991.0,CB22,-1.2309,2021-09-11 08:45:51,4.452514e+06,9,8.608106e+07,1
345,73.4525,-138.01633,28,26.978851,20.794258,996.1,CB22,-1.0803,2021-09-11 08:45:51,6.8047495e+06,9,1.8591427e+08,1
345,71.7775,-131.87866,28,34.867794,902.1619,1188.0,CB1,0.1574,2021-09-13 13:54:30,3.0590504e+07,9,9.714008e+08,1
345,71.7775,-131.87866,28,34.83119,501.6319,1192.0,CB1,0.6533,2021-09-13 13:54:30,3.6472268e+07,9,1.1742188e+09,1
345,71.7775,-131.87866,28,33.663296,198.27834,1200.0,CB1,-1.1703,2021-09-13 13:54:30,1.2015989e+07,9,3.6866285e+08,1
345,71.7775,-131.87866,28,32.630997,129.6777,1203.0,CB1,-1.3218,2021-09-13 13:54:30,5.3040955e+06,9,1.2742663e+08,1
345,71.7775,-131.87866,28,31.702974,70.87933,1206.0,CB1,-0.7205,2021-09-13 13:54:30,7.1246e+06,9,1.9802717e+08,1
345,71.7775,-131.87866,28,28.050358,15.573516,1209.0,CB1,-1.298,2021-09-13 13:54:30,6.660087e+06,9,1.8148317e+08,1
345,70.5395,-122.94517,28,27.6802,5.849896,47.0,AG5,3.2875,2022-09-18 05:10:22,1.0194927e+07,9,2.1445994e+08,1
345,70.5395,-122.94517,28,31.2421,32.150578,41.0,AG5,-1.049,2022-09-18 05:10:22,1.2254933e+07,9,2.5627861e+08,1
345,70.5395,-122.94517,28,32.8468,101.903755,37.0,AG5,-1.1744,2022-09-18 05:10:22,1.7124474e+07,9,3.6038624e+08,1
345,70.5395,-122.94517,28,33.2132,124.83264,36.0,AG5,-1.0952,2022-09-18 05:10:22,2.261573e+07,9,4.7823798e+08,1
345,70.5395,-122.94517,28,34.6833,303.65738,29.0,AG5,0.2942,2022-09-18 05:10:22,4.823094e+07,9,1.0186419e+09,1
345,70.5395,-122.94517,28,34.7131,352.5692,28.0,AG5,0.3477,2022-09-18 05:10:22,5.0176024e+07,9,1.0597952e+09,1
345,70.5395,-122.94517,28,34.7472,499.39294,26.0,AG5,0.4225,2022-09-18 05:10:22,4.866401e+07,9,1.0278046e+09,1
345,70.5395,-122.94517,28,34.7544,591.0342,25.0,AG5,0.4497,2022-09-18 05:10:22,5.1287156e+07,9,1.0901665e+09,1
345,71.52067,-151.58983,28,30.2406,6.2880335,719.0,BL4,-0.8615,2022-10-04 15:18:14,8.1335505e+06,9,1.7073062e+08,1
345,71.52067,-151.58983,28,30.2397,6.4760876,718.0,BL4,-0.8633,2022-10-04 15:18:14,8.516583e+06,9,1.7927427e+08,1
345,71.52067,-151.58983,28,31.431,36.372494,716.0,BL4,-0.5816,2022-10-04 15:18:14,6.945054e+06,9,1.4322955e+08,1
345,71.52067,-151.58983,28,33.1483,155.48808,710.0,BL4,-1.207,2022-10-04 15:18:14,1.4133245e+07,9,2.9987808e+08,1
345,71.52067,-151.58983,28,34.435,234.74097,707.0,BL4,-0.1863,2022-10-04 15:18:14,1.021876e+08,9,2.1893898e+09,1
345,71.52067,-151.58983,28,34.7062,303.6385,705.0,BL4,0.4056,2022-10-04 15:18:14,1.4003974e+08,9,3.0015782e+09,1
345,71.52067,-151.58983,28,34.7949,403.6361,702.0,BL4,0.708,2022-10-04 15:18:14,1.2584131e+08,9,2.6940232e+09,1
345,71.52067,-151.58983,28,34.8612,603.2054,700.0,BL4,0.7677,2022-10-04 15:18:14,1.150819e+08,9,2.4584942e+09,1
345,71.52067,-151.58983,28,34.87,803.6271,699.0,BL4,0.459,2022-10-04 15:18:14,1.04815304e+08,9,2.2429896e+09,1
345,71.52067,-151.58983,28,34.8914,1152.5762,698.0,BL4,-0.0727,2022-10-04 15:18:14,6.5889748e+07,9,1.4097307e+09,1
345,71.95417,-150.30017,28,29.4647,5.3911815,788.0,BL8,-0.3142,2022-10-05 05:23:02,8.430101e+06,9,1.773805e+08,1
345,71.95417,-150.30017,28,30.9158,35.754124,783.0,BL8,-0.0506,2022-10-05 05:23:02,7.330598e+06,9,1.5336258e+08,1
345,71.95417,-150.30017,28,31.8549,55.401527,782.0,BL8,-0.2421,2022-10-05 05:23:02,4.795919e+06,9,9.843857e+07,1
345,71.95417,-150.30017,28,33.207,150.53432,778.0,BL8,-1.1938,2022-10-05 05:23:02,1.2433027e+07,9,2.631615e+08,1
345,71.95417,-150.30017,28,34.4245,227.44409,775.0,BL8,-0.2152,2022-10-05 05:23:02,9.019763e+07,9,1.9321751e+09,1
345,71.95417,-150.30017,28,34.6985,287.38004,774.0,BL8,0.3532,2022-10-05 05:23:02,1.1220307e+08,9,2.403213e+09,1
345,71.95417,-150.30017,28,34.8485,467.44626,772.0,BL8,0.8241,2022-10-05 05:23:02,1.1144404e+08,9,2.3851052e+09,1
345,71.95417,-150.30017,28,34.8618,602.1114,770.0,BL8,0.6771,2022-10-05 05:23:02,9.5593016e+07,9,2.0460941e+09,1
345,71.95417,-150.30017,28,34.8707,801.6903,769.0,BL8,0.422,2022-10-05 05:23:02,9.3966376e+07,9,2.010876e+09,1
345,71.95417,-150.30017,28,34.8869,1002.7577,768.0,BL8,-0.011,2022-10-05 05:23:02,7.564737e+07,9,1.61662e+09,1
345,71.95417,-150.30017,28,34.9201,1501.4738,767.0,BL8,-0.3388,2022-10-05 05:23:02,2.785007e+07,9,5.931396e+08,1
345,71.95417,-150.30017,28,34.9441,2002.0543,766.0,BL8,-0.3997,2022-10-05 05:23:02,4.752285e+06,9,9.765577e+07,1
345,71.95417,-150.30017,28,34.9595,2962.544,765.0,BL8,-0.3213,2022-10-05 05:23:02,758928.9,9,5.497528e+06,1
345,78.30617,-153.21217,28,27.5739,5.803205,459.0,CB10,-1.4778,2022-09-29 07:18:31,9.380036e+06,9,1.9662478e+08,1
345,78.30617,-153.21217,28,31.2307,43.022903,455.0,CB10,-0.9264,2022-09-29 07:18:31,6.2351165e+06,9,1.2913522e+08,1
345,78.30617,-153.21217,28,31.8668,60.36603,453.0,CB10,-1.4003,2022-09-29 07:18:31,7.223355e+06,9,1.4969157e+08,1
345,78.30617,-153.21217,28,33.1653,152.31578,449.0,CB10,-1.4512,2022-09-29 07:18:31,2.2649726e+07,9,4.816648e+08,1
345,78.30617,-153.21217,28,34.4223,227.1655,446.0,CB10,-0.7144,2022-09-29 07:18:31,2.3748235e+08,9,5.092533e+09,1
345,78.30617,-153.21217,28,34.719,291.15692,444.0,CB10,0.4488,2022-09-29 07:18:31,2.5032354e+08,9,5.36023e+09,1
345,78.30617,-153.21217,28,34.8489,438.64542,443.0,CB10,0.9123,2022-09-29 07:18:31,1.1470852e+08,9,2.4553482e+09,1
345,78.30617,-153.21217,28,34.8721,603.0976,441.0,CB10,0.7515,2022-09-29 07:18:31,2.0169352e+08,9,4.3199186e+09,1
345,78.30617,-153.21217,28,34.8819,803.2659,440.0,CB10,0.3802,2022-09-29 07:18:31,1.5885029e+08,9,3.3971602e+09,1
345,78.30617,-153.21217,28,34.8886,1003.2225,439.0,CB10,0.1027,2022-09-29 07:18:31,1.4280792e+08,9,3.0574285e+09,1
345,78.30617,-153.21217,28,34.9125,1503.7498,438.0,CB10,-0.2933,2022-09-29 07:18:31,5.5023844e+07,9,1.1767716e+09,1
345,78.30617,-153.21217,28,34.9452,2003.2317,437.0,CB10,-0.3997,2022-09-29 07:18:31,6.3137155e+06,9,1.2700308e+08,1
345,78.30617,-153.21217,28,34.9554,2404.5703,436.0,CB10,-0.3731,2022-09-29 07:18:31,1.1759759e+06,9,1.6040843e+07,1
345,78.9975,-149.28984,28,26.638,6.4738913,435.0,CB11,-1.4046,2022-09-28 05:29:08,1.0600586e+07,9,2.2065187e+08,1
345,78.9975,-149.28984,28,31.1562,48.196518,430.0,CB11,0.4882,2022-09-28 05:29:08,7.31768e+06,9,1.5116232e+08,1
345,78.9975,-149.28984,28,31.8855,76.422935,429.0,CB11,-0.6234,2022-09-28 05:29:08,5.382625e+06,9,1.1025287e+08,1
345,78.9975,-149.28984,28,33.1394,179.15092,425.0,CB11,-1.4691,2022-09-28 05:29:08,1.8777588e+07,9,3.9539795e+08,1
345,78.9975,-149.28984,28,34.4213,258.4547,422.0,CB11,-0.4029,2022-09-28 05:29:08,2.14643e+08,9,4.5980616e+09,1
345,78.9975,-149.28984,28,34.7217,326.40707,421.0,CB11,0.4134,2022-09-28 05:29:08,1.7511869e+08,9,3.7525225e+09,1
345,78.9975,-149.28984,28,34.8584,507.774,419.0,CB11,0.8479,2022-09-28 05:29:08,9.19446e+07,9,1.967689e+09,1
345,78.9975,-149.28984,28,34.8622,603.7674,418.0,CB11,0.6372,2022-09-28 05:29:08,1.28367576e+08,9,2.746645e+09,1
345,78.9975,-149.28984,28,34.8733,803.7271,417.0,CB11,0.3077,2022-09-28 05:29:08,1.0927215e+08,9,2.3363154e+09,1
345,78.9975,-149.28984,28,34.8832,1003.9362,416.0,CB11,0.0545,2022-09-28 05:29:08,1.1887812e+08,9,2.5448233e+09,1
345,78.9975,-149.28984,28,34.912,1503.693,415.0,CB11,-0.2902,2022-09-28 05:29:08,3.2482768e+07,9,6.922653e+08,1
345,78.9975,-149.28984,28,34.9422,2003.6576,414.0,CB11,-0.4002,2022-09-28 05:29:08,4.1150408e+06,9,8.452335e+07,1
345,78.9975,-149.28984,28,34.9591,3718.1765,412.0,CB11,-0.2562,2022-09-28 05:29:08,734428.25,9,2.8192492e+06,1
345,77.00633,-140.04016,28,25.8748,5.7015777,315.0,CB15,-1.3927,2022-09-24 02:01:43,1.0111276e+07,9,2.1101786e+08,1
345,77.00633,-140.04016,28,31.1531,60.844883,310.0,CB15,0.3295,2022-09-24 02:01:43,7.078496e+06,9,1.4324522e+08,1
345,77.00633,-140.04016,28,31.8773,86.954,309.0,CB15,-0.5846,2022-09-24 02:01:43,5.0447945e+06,9,1.0284229e+08,1
345,77.00633,-140.04016,28,33.1184,202.01295,305.0,CB15,-1.4689,2022-09-24 02:01:43,1.6063411e+07,9,3.3433827e+08,1
345,77.00633,-140.04016,28,34.4319,275.96976,302.0,CB15,-0.3448,2022-09-24 02:01:43,1.8350312e+08,9,3.926147e+09,1
345,77.00633,-140.04016,28,34.721,341.9773,301.0,CB15,0.422,2022-09-24 02:01:43,1.3419541e+08,9,2.8569981e+09,1
345,77.00633,-140.04016,28,34.8448,494.94208,299.0,CB15,0.823,2022-09-24 02:01:43,9.678025e+07,9,2.0621658e+09,1
345,77.00633,-140.04016,28,34.859,602.13135,298.0,CB15,0.6296,2022-09-24 02:01:43,9.938864e+07,9,2.1232164e+09,1
345,77.00633,-140.04016,28,34.8711,802.16284,297.0,CB15,0.2837,2022-09-24 02:01:43,1.0381076e+08,9,2.2183662e+09,1
345,77.00633,-140.04016,28,34.8804,1002.9203,296.0,CB15,0.0208,2022-09-24 02:01:43,8.540578e+07,9,1.819234e+09,1
345,77.00633,-140.04016,28,34.9142,1502.8949,295.0,CB15,-0.2843,2022-09-24 02:01:43,1.4721496e+07,9,3.063042e+08,1
345,77.00633,-140.04016,28,34.9432,2002.3699,294.0,CB15,-0.4036,2022-09-24 02:01:43,1.6359479e+06,9,2.6617806e+07,1
345,77.00633,-140.04016,28,34.9589,3627.2786,292.0,CB15,-0.2655,2022-09-24 02:01:43,953991.2,9,8.766269e+06,1
345,78.001,-140.01633,28,26.3704,5.758745,339.0,CB16,-1.3592,2022-09-24 23:19:08,1.0980813e+07,9,2.2911882e+08,1
345,78.001,-140.01633,28,30.6287,47.06654,334.0,CB16,0.3873,2022-09-24 23:19:08,8.522433e+06,9,1.754388e+08,1
345,78.001,-140.01633,28,31.8451,77.02014,333.0,CB16,-0.6534,2022-09-24 23:19:08,5.4873235e+06,9,1.1224721e+08,1
345,78.001,-140.01633,28,33.1519,189.14714,329.0,CB16,-1.4336,2022-09-24 23:19:08,1.949775e+07,9,4.093872e+08,1
345,78.001,-140.01633,28,34.43,262.90808,326.0,CB16,-0.3636,2022-09-24 23:19:08,2.313792e+08,9,4.9598167e+09,1
345,78.001,-140.01633,28,34.714,326.64902,325.0,CB16,0.377,2022-09-24 23:19:08,1.6114619e+08,9,3.4229315e+09,1
345,78.001,-140.01633,28,34.8526,486.85312,323.0,CB16,0.8105,2022-09-24 23:19:08,1.1698591e+08,9,2.5020347e+09,1
345,78.001,-140.01633,28,34.8603,602.41876,322.0,CB16,0.5962,2022-09-24 23:19:08,1.00898584e+08,9,2.158917e+09,1
345,78.001,-140.01633,28,34.8718,802.70734,321.0,CB16,0.2653,2022-09-24 23:19:08,6.443119e+07,9,1.3760065e+09,1
345,78.001,-140.01633,28,34.8822,1002.9897,320.0,CB16,0.0107,2022-09-24 23:19:08,7.252958e+07,9,1.5488312e+09,1
345,78.001,-140.01633,28,34.9116,1468.9,319.0,CB16,-0.289,2022-09-24 23:19:08,3.04396e+07,9,6.4947526e+08,1
345,78.001,-140.01633,28,34.944,2003.128,318.0,CB16,-0.4046,2022-09-24 23:19:08,1.8026099e+06,9,2.9671978e+07,1
345,78.001,-140.01633,28,34.959,3653.0896,316.0,CB16,-0.2628,2022-09-24 23:19:08,705908.2,9,350022.2,1
345,75.988335,-140.00717,28,25.7945,5.7384343,243.0,CB17,-1.3624,2022-09-22 02:02:41,9.964174e+06,9,2.0715366e+08,1
345,75.988335,-140.00717,28,30.3419,41.95641,240.0,CB17,0.8756,2022-09-22 02:02:41,9.049462e+06,9,1.8923701e+08,1
345,75.988335,-140.00717,28,31.7998,84.07334,237.0,CB17,-0.4644,2022-09-22 02:02:41,5.5481755e+06,9,1.1062394e+08,1
345,75.988335,-140.00717,28,33.169,208.2852,233.0,CB17,-1.4235,2022-09-22 02:02:41,1.6484998e+07,9,3.4170787e+08,1
345,75.988335,-140.00717,28,34.4246,284.0444,230.0,CB17,-0.365,2022-09-22 02:02:41,2.0105384e+08,9,4.3068646e+09,1
345,75.988335,-140.00717,28,34.7094,347.03714,229.0,CB17,0.375,2022-09-22 02:02:41,1.3539285e+08,9,2.9002816e+09,1
345,75.988335,-140.00717,28,34.8492,508.33908,227.0,CB17,0.8199,2022-09-22 02:02:41,1.170948e+08,9,2.5002606e+09,1
345,75.988335,-140.00717,28,34.8571,602.6238,226.0,CB17,0.6428,2022-09-22 02:02:41,7.056381e+07,9,1.5085736e+09,1
345,75.988335,-140.00717,28,34.8682,802.84674,225.0,CB17,0.2675,2022-09-22 02:02:41,6.3573868e+07,9,1.3562907e+09,1
345,75.988335,-140.00717,28,34.8795,1002.9159,224.0,CB17,0.0176,2022-09-22 02:02:41,7.888618e+07,9,1.685868e+09,1
345,75.988335,-140.00717,28,34.9151,1502.8687,223.0,CB17,-0.2919,2022-09-22 02:02:41,9.613966e+06,9,2.0220035e+08,1
345,75.988335,-140.00717,28,34.9431,2002.6338,222.0,CB17,-0.4034,2022-09-22 02:02:41,1.5743094e+06,9,2.8215102e+07,1
345,75.988335,-140.00717,28,34.959,3586.6294,220.0,CB17,-0.2694,2022-09-22 02:02:41,714462.9,9,2.0437326e+06,1
345,75.01683,-140.07683,28,25.1384,5.8336844,219.0,CB18,-1.3398,2022-09-21 16:12:10,9.466615e+06,9,1.9565448e+08,1
345,75.01683,-140.07683,28,30.863,57.975155,216.0,CB18,0.6449,2022-09-21 16:12:10,7.205452e+06,9,1.4826102e+08,1
345,75.01683,-140.07683,28,31.8302,100.38636,214.0,CB18,-0.5203,2022-09-21 16:12:10,5.2633985e+06,9,1.05053976e+08,1
345,75.01683,-140.07683,28,33.1514,212.3475,210.0,CB18,-1.4263,2022-09-21 16:12:10,1.6043814e+07,9,3.260493e+08,1
345,75.01683,-140.07683,28,34.4436,292.35483,207.0,CB18,-0.2553,2022-09-21 16:12:10,1.2568426e+08,9,2.6740954e+09,1
345,75.01683,-140.07683,28,34.7155,355.83777,206.0,CB18,0.4168,2022-09-21 16:12:10,1.004082e+08,9,2.1297025e+09,1
345,75.01683,-140.07683,28,34.8406,502.7906,204.0,CB18,0.7941,2022-09-21 16:12:10,8.846333e+07,9,1.8698285e+09,1
345,75.01683,-140.07683,28,34.8564,602.33527,203.0,CB18,0.6448,2022-09-21 16:12:10,7.765084e+07,9,1.641076e+09,1
345,75.01683,-140.07683,28,34.8682,803.2089,202.0,CB18,0.2788,2022-09-21 16:12:10,7.720095e+07,9,1.6315578e+09,1
345,75.01683,-140.07683,28,34.8793,1002.6651,201.0,CB18,0.023,2022-09-21 16:12:10,5.3898228e+07,9,1.1385473e+09,1
345,75.01683,-140.07683,28,34.9145,1502.7395,200.0,CB18,-0.2918,2022-09-21 16:12:10,1.1100614e+07,9,2.3191046e+08,1
345,75.01683,-140.07683,28,34.9436,2002.2642,199.0,CB18,-0.4043,2022-09-21 16:12:10,1.7340451e+06,9,2.8908488e+07,1
345,75.01683,-140.07683,28,34.959,3524.237,196.0,CB18,-0.2756,2022-09-21 16:12:10,722455.75,9,1.8547228e+06,1
345,73.00066,-150.0015,28,25.6193,4.179505,836.0,CB2,0.1557,2022-10-05 15:22:55,6.7231435e+06,9,1.405528e+08,1
345,73.00066,-150.0015,28,25.6194,9.313953,831.0,CB2,0.1689,2022-10-05 15:22:55,5.823482e+06,9,1.2117195e+08,1
345,73.00066,-150.0015,28,31.8644,85.45647,830.0,CB2,-0.5445,2022-10-05 15:22:55,3.8166538e+06,9,7.771527e+07,1
345,73.00066,-150.0015,28,33.1154,199.65855,826.0,CB2,-1.3376,2022-10-05 15:22:55,1.2159906e+07,9,2.5729184e+08,1
345,73.00066,-150.0015,28,34.4686,284.78552,823.0,CB2,-0.1532,2022-10-05 15:22:55,8.759768e+07,9,1.8756809e+09,1
345,73.00066,-150.0015,28,34.7116,353.86823,822.0,CB2,0.4177,2022-10-05 15:22:55,9.333587e+07,9,1.9961371e+09,1
345,73.00066,-150.0015,28,34.8458,512.545,820.0,CB2,0.8361,2022-10-05 15:22:55,9.168384e+07,9,1.9606147e+09,1
345,73.00066,-150.0015,28,34.858,603.0549,819.0,CB2,0.7005,2022-10-05 15:22:55,8.8892424e+07,9,1.8984677e+09,1
345,73.00066,-150.0015,28,34.8716,802.8022,818.0,CB2,0.351,2022-10-05 15:22:55,8.655529e+07,9,1.8514003e+09,1
345,73.00066,-150.0015,28,34.8808,1002.89307,817.0,CB2,0.1023,2022-10-05 15:22:55,8.852768e+07,9,1.893903e+09,1
345,73.00066,-150.0015,28,34.91,1502.6187,816.0,CB2,-0.2747,2022-10-05 15:22:55,4.2066876e+07,9,8.991009e+08,1
345,73.00066,-150.0015,28,34.9592,3649.7542,813.0,CB2,-0.2624,2022-10-05 15:22:55,968180.9,9,1.0335339e+07,1
345,73.97117,-139.80766,28,25.6407,5.3886395,929.0,CB21,-1.3859,2022-10-08 11:12:36,8.2145455e+06,9,1.7068968e+08,1
345,73.97117,-139.80766,28,30.998,64.70968,922.0,CB21,0.5305,2022-10-08 11:12:36,6.4931215e+06,9,1.3388792e+08,1
345,73.97117,-139.80766,28,31.8375,92.49165,921.0,CB21,-0.5247,2022-10-08 11:12:36,4.086351e+06,9,8.306854e+07,1
345,73.97117,-139.80766,28,33.1157,213.49797,913.0,CB21,-1.4289,2022-10-08 11:12:36,1.2654425e+07,9,2.5954674e+08,1
345,73.97117,-139.80766,28,34.4535,292.72516,910.0,CB21,-0.2191,2022-10-08 11:12:36,1.124017e+08,9,2.403846e+09,1
345,73.984665,-139.90567,28,34.7246,359.03638,908.0,CB21,0.4455,2022-10-08 07:24:16,7.529788e+07,9,1.5961724e+09,1
345,73.984665,-139.90567,28,34.8344,474.4461,903.0,CB21,0.7637,2022-10-08 07:24:16,6.3407816e+07,9,1.3407104e+09,1
345,73.984665,-139.90567,28,34.8533,602.95496,902.0,CB21,0.6014,2022-10-08 07:24:16,4.7046504e+07,9,9.920602e+08,1
345,73.984665,-139.90567,28,34.8672,801.7667,901.0,CB21,0.2771,2022-10-08 07:24:16,4.4749284e+07,9,9.5378746e+08,1
345,73.984665,-139.90567,28,34.8796,1000.89923,896.0,CB21,0.0257,2022-10-08 07:24:16,3.5912108e+07,9,7.6197875e+08,1
345,73.984665,-139.90567,28,34.9149,1500.472,895.0,CB21,-0.293,2022-10-08 07:24:16,9.335864e+06,9,1.9476714e+08,1
345,73.984665,-139.90567,28,34.9433,2001.0637,892.0,CB21,-0.4036,2022-10-08 07:24:16,1.7839605e+06,9,3.255798e+07,1
345,73.984665,-139.90567,28,34.9553,2502.5005,891.0,CB21,-0.3773,2022-10-08 07:24:16,880649.5,9,5.917072e+06,1
345,73.984665,-139.90567,28,34.9592,3391.3982,887.0,CB21,-0.2881,2022-10-08 07:24:16,757408.44,9,4.23195e+06,1
345,73.00933,-139.91484,28,24.7561,5.7164855,980.0,CB27,-1.3463,2022-10-10 08:17:35,6.785844e+06,9,1.4124331e+08,1
345,73.00933,-139.91484,28,31.2706,65.16002,975.0,CB27,0.2058,2022-10-10 08:17:35,4.995295e+06,9,1.0262018e+08,1
345,73.00933,-139.91484,28,31.867,90.35437,974.0,CB27,-0.5499,2022-10-10 08:17:35,3.5839228e+06,9,7.111633e+07,1
345,73.00933,-139.91484,28,33.1614,215.3868,970.0,CB27,-1.4211,2022-10-10 08:17:35,1.1664611e+07,9,2.4736854e+08,1
345,73.00933,-139.91484,28,34.4421,307.01672,967.0,CB27,-0.2268,2022-10-10 08:17:35,9.866793e+07,9,2.1134637e+09,1
345,73.00933,-139.91484,28,34.7194,390.8268,966.0,CB27,0.4165,2022-10-10 08:17:35,6.359322e+07,9,1.3589508e+09,1
345,73.00933,-139.91484,28,34.82,460.9413,964.0,CB27,0.6168,2022-10-10 08:17:35,4.2386664e+07,9,9.046321e+08,1
345,73.00933,-139.91484,28,34.8619,602.94904,963.0,CB27,0.3433,2022-10-10 08:17:35,3.2653106e+07,9,6.953372e+08,1
345,73.00933,-139.91484,28,34.8739,802.722,962.0,CB27,0.1098,2022-10-10 08:17:35,2.726958e+07,9,5.7075334e+08,1
345,73.00933,-139.91484,28,34.9169,1502.953,960.0,CB27,-0.3236,2022-10-10 08:17:35,1.3784267e+07,9,2.9160582e+08,1
345,73.00933,-139.91484,28,34.9445,2002.2766,959.0,CB27,-0.4046,2022-10-10 08:17:35,1.9311395e+06,9,3.246977e+07,1
345,73.00933,-139.91484,28,34.959,3198.6462,957.0,CB27,-0.3048,2022-10-10 08:17:35,729439.75,9,1.8880851e+06,1
345,71.01033,-139.98933,28,31.506,60.68064,1022.0,CB28b,-0.5917,2022-10-10 22:10:52,6.3637055e+06,9,1.3164463e+08,1
345,71.01033,-139.98933,28,31.9147,73.45103,1021.0,CB28b,-0.899,2022-10-10 22:10:52,4.697042e+06,9,9.677753e+07,1
345,71.01033,-139.98933,28,33.1826,170.79872,1016.0,CB28b,-1.2913,2022-10-10 22:10:52,1.5662008e+07,9,3.3245866e+08,1
345,71.01033,-139.98933,28,34.4245,246.70149,1013.0,CB28b,-0.2297,2022-10-10 22:10:52,9.4230024e+07,9,2.0178285e+09,1
345,71.01033,-139.98933,28,34.7111,316.84518,1012.0,CB28b,0.4187,2022-10-10 22:10:52,8.3861416e+07,9,1.7955808e+09,1
345,71.01033,-139.98933,28,34.8314,469.68198,1010.0,CB28b,0.731,2022-10-10 22:10:52,7.308013e+07,9,1.5612547e+09,1
345,71.01033,-139.98933,28,34.8532,602.22986,1009.0,CB28b,0.5992,2022-10-10 22:10:52,6.4796444e+07,9,1.3802587e+09,1
345,71.01033,-139.98933,28,34.8672,802.7608,1008.0,CB28b,0.2986,2022-10-10 22:10:52,5.7412164e+07,9,1.2207704e+09,1
345,71.01033,-139.98933,28,34.8779,1002.1307,1007.0,CB28b,0.0679,2022-10-10 22:10:52,5.7146e+07,9,1.2197233e+09,1
345,71.01033,-139.98933,28,34.9114,1502.3615,1006.0,CB28b,-0.2836,2022-10-10 22:10:52,2.6316922e+07,9,5.6073965e+08,1
345,71.01033,-139.98933,28,34.9509,2076.547,1005.0,CB28b,-0.3883,2022-10-10 22:10:52,2.6236395e+06,9,5.1456484e+07,1
345,75.005165,-150.0805,28,25.3609,6.1048326,648.0,CB4,-1.0969,2022-10-03 04:43:09,6.464709e+06,9,1.3421462e+08,1
345,75.005165,-150.0805,28,31.3103,65.325775,641.0,CB4,0.2279,2022-10-03 04:43:09,5.657084e+06,9,1.1743865e+08,1
345,75.005165,-150.0805,28,34.4269,280.95178,629.0,CB4,-0.2461,2022-10-03 04:43:09,9.326999e+07,9,1.9977834e+09,1
345,75.005165,-150.0805,28,34.71,349.4867,603.0,CB4,0.4112,2022-10-02 03:41:37,6.86524e+07,9,1.4674685e+09,1
345,75.005165,-150.0805,28,34.8324,484.35825,598.0,CB4,0.7709,2022-10-02 03:41:37,7.821023e+07,9,1.6729239e+09,1
345,75.005165,-150.0805,28,34.8555,603.0529,597.0,CB4,0.6784,2022-10-02 03:41:37,7.827383e+07,9,1.6724828e+09,1
345,75.005165,-150.0805,28,34.868,802.94714,596.0,CB4,0.3518,2022-10-02 03:41:37,7.386523e+07,9,1.5778504e+09,1
345,75.005165,-150.0805,28,34.8775,1001.3184,592.0,CB4,0.091,2022-10-02 03:41:37,6.7965416e+07,9,1.450773e+09,1
345,75.005165,-150.0805,28,34.9083,1501.3364,591.0,CB4,-0.2663,2022-10-02 03:41:37,4.2206788e+07,9,9.0166406e+08,1
345,75.005165,-150.0805,28,34.9402,2001.4674,588.0,CB4,-0.3944,2022-10-02 03:41:37,4.959504e+06,9,1.01113416e+08,1
345,75.005165,-150.0805,28,34.959,3718.407,582.0,CB4,-0.2558,2022-10-02 03:41:37,806999.56,9,5.7978435e+06,1
345,75.2995,-153.3045,28,25.5449,5.9177227,627.0,CB5,-1.3633,2022-10-02 13:17:47,8.0405595e+06,9,1.660787e+08,1
345,75.2995,-153.3045,28,31.2146,62.612278,624.0,CB5,0.3149,2022-10-02 13:17:47,5.779153e+06,9,1.183054e+08,1
345,75.2995,-153.3045,28,31.8141,85.350975,623.0,CB5,-0.5139,2022-10-02 13:17:47,4.4679355e+06,9,8.804122e+07,1
345,75.2995,-153.3045,28,33.1514,199.45436,619.0,CB5,-1.4902,2022-10-02 13:17:47,1.4583191e+07,9,3.0590275e+08,1
345,75.2995,-153.3045,28,34.447,276.67288,616.0,CB5,-0.2313,2022-10-02 13:17:47,7.133979e+07,9,1.5270024e+09,1
345,75.2995,-153.3045,28,34.7125,339.35367,614.0,CB5,0.4111,2022-10-02 13:17:47,1.00566584e+08,9,2.1476675e+09,1
345,75.2995,-153.3045,28,34.837,468.54898,612.0,CB5,0.7787,2022-10-02 13:17:47,7.607486e+07,9,1.6091139e+09,1
345,75.2995,-153.3045,28,34.8577,603.46515,611.0,CB5,0.5909,2022-10-02 13:17:47,7.229907e+07,9,1.5251914e+09,1
345,75.2995,-153.3045,28,34.8703,803.9605,610.0,CB5,0.2486,2022-10-02 13:17:47,7.438655e+07,9,1.5888362e+09,1
345,75.2995,-153.3045,28,34.8816,1003.7088,609.0,CB5,0.0063,2022-10-02 13:17:47,6.4436616e+07,9,1.373751e+09,1
345,75.2995,-153.3045,28,34.9027,1503.013,608.0,CB5,-0.1999,2022-10-02 13:17:47,1.8052292e+07,9,3.813329e+08,1
345,75.2995,-153.3045,28,34.9322,2003.2987,607.0,CB5,-0.3717,2022-10-02 13:17:47,1.0225287e+07,9,2.1600795e+08,1
345,75.2995,-153.3045,28,34.9589,3743.9978,604.0,CB5,-0.2532,2022-10-02 13:17:47,934626.3,9,7.40657e+06,1
345,73.499664,-130.90334,28,27.1105,6.570415,167.0,CB51,-1.2456,2022-09-20 11:29:12,1.0914432e+07,9,2.287369e+08,1
345,73.499664,-130.90334,28,31.0359,52.150738,164.0,CB51,0.2594,2022-09-20 11:29:12,6.7697905e+06,9,1.3924814e+08,1
345,73.499664,-130.90334,28,31.9551,82.17186,163.0,CB51,-0.668,2022-09-20 11:29:12,5.1527085e+06,9,1.0268441e+08,1
345,73.499664,-130.90334,28,33.1783,175.94856,159.0,CB51,-1.3542,2022-09-20 11:29:12,2.204414e+07,9,4.6475376e+08,1
345,73.499664,-130.90334,28,34.4369,245.8392,156.0,CB51,-0.1954,2022-09-20 11:29:12,1.2689072e+08,9,2.7191224e+09,1
345,73.499664,-130.90334,28,34.7121,307.1464,155.0,CB51,0.3856,2022-09-20 11:29:12,7.539503e+07,9,1.6148216e+09,1
345,73.499664,-130.90334,28,34.8335,443.1172,152.0,CB51,0.7195,2022-09-20 11:29:12,5.5944984e+07,9,1.1947169e+09,1
345,73.499664,-130.90334,28,34.855,602.62604,150.0,CB51,0.4918,2022-09-20 11:29:12,4.942168e+07,9,1.051547e+09,1
345,73.499664,-130.90334,28,34.8693,802.69305,149.0,CB51,0.2119,2022-09-20 11:29:12,3.743691e+07,9,7.9818976e+08,1
345,73.499664,-130.90334,28,34.8811,1003.0379,148.0,CB51,-0.0115,2022-09-20 11:29:12,2.685472e+07,9,5.7135744e+08,1
345,73.499664,-130.90334,28,34.9144,1503.0962,147.0,CB51,-0.3096,2022-09-20 11:29:12,2.258717e+07,9,4.7588694e+08,1
345,73.499664,-130.90334,28,34.9459,2002.0668,146.0,CB51,-0.3983,2022-09-20 11:29:12,4.313583e+06,9,8.824661e+07,1
345,73.499664,-130.90334,28,34.9578,2484.6677,145.0,CB51,-0.3619,2022-09-20 11:29:12,909124.9,9,2.8360455e+06,1
345,77.00433,-149.91417,28,25.9817,6.6287374,555.0,CB8,-1.3878,2022-10-01 01:40:14,7.684332e+06,9,1.6078094e+08,1
345,77.00433,-149.91417,28,31.3353,62.1477,550.0,CB8,0.2078,2022-10-01 01:40:14,5.3568845e+06,9,1.11356744e+08,1
345,77.00433,-149.91417,28,31.86,84.043045,549.0,CB8,-0.558,2022-10-01 01:40:14,4.1180008e+06,9,8.419942e+07,1
345,77.00433,-149.91417,28,33.129,195.96593,545.0,CB8,-1.4812,2022-10-01 01:40:14,1.0843201e+07,9,2.2885856e+08,1
345,77.00433,-149.91417,28,34.4341,279.1527,542.0,CB8,-0.3251,2022-10-01 01:40:14,1.22420216e+08,9,2.620124e+09,1
345,77.00433,-149.91417,28,34.713,345.8922,541.0,CB8,0.3942,2022-10-01 01:40:14,1.0240468e+08,9,2.1935718e+09,1
345,77.00433,-149.91417,28,34.8383,466.4503,539.0,CB8,0.8288,2022-10-01 01:40:14,9.157198e+07,9,1.9540353e+09,1
345,77.00433,-149.91417,28,34.8634,603.82446,538.0,CB8,0.7359,2022-10-01 01:40:14,9.69385e+07,9,2.072976e+09,1
345,77.00433,-149.91417,28,34.8757,803.64734,537.0,CB8,0.4043,2022-10-01 01:40:14,1.1287192e+08,9,2.415316e+09,1
345,77.00433,-149.91417,28,34.8802,1003.1853,536.0,CB8,0.0821,2022-10-01 01:40:14,7.6042024e+07,9,1.6238299e+09,1
345,77.00433,-149.91417,28,34.9088,1502.6356,535.0,CB8,-0.2748,2022-10-01 01:40:14,3.14715e+07,9,6.717915e+08,1
345,77.00433,-149.91417,28,34.9413,2002.9541,534.0,CB8,-0.3974,2022-10-01 01:40:14,3.583881e+06,9,7.2104136e+07,1
345,77.00433,-149.91417,28,34.959,3726.8257,532.0,CB8,-0.2551,2022-10-01 01:40:14,705488.06,9,1.3053849e+06,1
345,78.00467,-149.946,28,26.3271,6.3731985,480.0,CB9,-1.4008,2022-09-29 13:35:04,6.532066e+06,9,1.3473381e+08,1
345,78.00467,-149.946,28,31.3308,53.332413,473.0,CB9,0.2213,2022-09-29 13:35:04,5.251658e+06,9,1.0789999e+08,1
345,78.00467,-149.946,28,31.8338,73.02308,472.0,CB9,-0.504,2022-09-29 13:35:04,4.2672475e+06,9,8.6830216e+07,1
345,78.00467,-149.946,28,33.111,173.61012,464.0,CB9,-1.5079,2022-09-29 13:35:04,1.0068768e+07,9,2.122321e+08,1
345,78.00467,-149.946,28,34.8486,470.37003,503.0,CB9,0.9056,2022-09-30 00:43:15,1.2330922e+08,9,2.6391168e+09,1
345,78.00467,-149.946,28,34.8583,602.4412,501.0,CB9,0.6622,2022-09-30 00:43:15,7.717627e+07,9,1.6505815e+09,1
345,78.00467,-149.946,28,34.8808,803.30725,500.0,CB9,0.4161,2022-09-30 00:43:15,1.33933976e+08,9,2.8413663e+09,1
345,78.00467,-149.946,28,34.8873,1001.76337,496.0,CB9,0.1473,2022-09-30 00:43:15,1.2265326e+08,9,2.624578e+09,1
345,78.00467,-149.946,28,34.9095,1501.945,495.0,CB9,-0.2667,2022-09-30 00:43:15,4.2457316e+07,9,9.047543e+08,1
345,78.00467,-149.946,28,34.942,2001.6083,492.0,CB9,-0.3981,2022-09-30 00:43:15,4.1513572e+06,9,8.208057e+07,1
345,78.00467,-149.946,28,34.959,3715.2405,486.0,CB9,-0.2558,2022-09-30 00:43:15,820695.56,9,6.7247335e+06,1
345,78.00467,-149.946,28,34.4185,252.26862,461.0,CB9,-0.7423,2022-09-29 13:35:04,2.0631692e+07,9,4.3786813e+08,1
345,78.00467,-149.946,28,34.7134,317.85934,460.0,CB9,0.407,2022-09-29 13:35:04,1.213199e+08,9,2.5977329e+09,1
345,79.6915,-139.75233,28,27.0706,6.0275207,410.0,NE1,-1.4618,2022-09-27 04:20:57,8.726735e+06,9,1.7959949e+08,1
345,79.6915,-139.75233,28,28.9616,27.107601,408.0,NE1,-1.1792,2022-09-27 04:20:57,9.551372e+06,9,2.0029646e+08,1
345,79.6915,-139.75233,28,31.8611,80.20724,406.0,NE1,-0.6566,2022-09-27 04:20:57,5.8356685e+06,9,1.1794691e+08,1
345,79.6915,-139.75233,28,33.1493,176.99265,402.0,NE1,-1.4492,2022-09-27 04:20:57,2.7257196e+07,9,5.733989e+08,1
345,79.6915,-139.75233,28,34.4341,249.77525,399.0,NE1,-0.4599,2022-09-27 04:20:57,2.4888603e+08,9,5.335407e+09,1
345,79.6915,-139.75233,28,34.7211,316.74002,397.0,NE1,0.3967,2022-09-27 04:20:57,1.7887422e+08,9,3.833603e+09,1
345,79.6915,-139.75233,28,34.857,488.68375,369.0,NE1,0.8438,2022-09-27 02:23:02,1.4511738e+08,9,3.1061752e+09,1
345,79.6915,-139.75233,28,34.8631,602.7942,368.0,NE1,0.5881,2022-09-27 02:23:02,1.0720718e+08,9,2.2936717e+09,1
345,79.6915,-139.75233,28,34.872,803.0054,367.0,NE1,0.2444,2022-09-27 02:23:02,9.4518904e+07,9,2.022529e+09,1
345,79.6915,-139.75233,28,34.8835,1001.66266,366.0,NE1,0.0159,2022-09-27 02:23:02,8.989134e+07,9,1.9229583e+09,1
345,79.6915,-139.75233,28,34.9438,2002.0999,393.0,NE1,-0.4041,2022-09-27 04:20:57,1.6583085e+06,9,2.791572e+07,1
345,79.6915,-139.75233,28,34.959,3660.7048,391.0,NE1,-0.262,2022-09-27 04:20:57,982564.1,9,1.2134293e+07,1
345,72.59967,-144.68266,28,24.8759,4.712056,884.0,Stn A,0.4311,2022-10-07 17:13:40,7.921922e+06,9,1.6462427e+08,1
345,72.59967,-144.68266,28,30.2167,41.41506,881.0,Stn A,0.4746,2022-10-07 17:13:40,8.0612595e+06,9,1.6866634e+08,1
345,72.59967,-144.68266,28,31.2517,60.22417,879.0,Stn A,0.2218,2022-10-07 17:13:40,5.8254365e+06,9,1.1847317e+08,1
345,72.59967,-144.68266,28,29.4583,84.01088,878.0,Stn A,-0.3146,2022-10-07 17:13:40,4.1030828e+06,9,8.230425e+07,1
345,72.59967,-144.68266,28,32.3341,120.89943,877.0,Stn A,-1.2253,2022-10-07 17:13:40,4.86881e+06,9,9.793668e+07,1
345,72.59967,-144.68266,28,32.6171,151.64568,876.0,Stn A,-1.3464,2022-10-07 17:13:40,6.560639e+06,9,1.3577622e+08,1
345,72.59967,-144.68266,28,32.9366,182.98557,875.0,Stn A,-1.4302,2022-10-07 17:13:40,1.027629e+07,9,2.1520026e+08,1
345,72.59967,-144.68266,28,33.1058,194.95715,874.0,Stn A,-1.3997,2022-10-07 17:13:40,1.2689737e+07,9,2.6597522e+08,1
345,72.59967,-144.68266,28,33.6471,219.50925,873.0,Stn A,-1.1367,2022-10-07 17:13:40,3.266345e+07,9,6.923347e+08,1
345,72.59967,-144.68266,28,34.1582,248.6531,872.0,Stn A,-0.6755,2022-10-07 17:13:40,9.019868e+07,9,1.927995e+09,1
345,72.59967,-144.68266,28,34.4281,272.30426,871.0,Stn A,-0.2421,2022-10-07 17:13:40,1.01982936e+08,9,2.1776156e+09,1
345,72.59967,-144.68266,28,34.7216,345.6502,870.0,Stn A,0.4411,2022-10-07 17:13:40,8.886856e+07,9,1.8991532e+09,1
345,72.59967,-144.68266,28,34.7894,396.7394,869.0,Stn A,0.6398,2022-10-07 17:13:40,7.943645e+07,9,1.682372e+09,1
345,72.59967,-144.68266,28,34.832,471.8638,868.0,Stn A,0.7401,2022-10-07 17:13:40,7.125523e+07,9,1.5088205e+09,1
345,72.59967,-144.68266,28,34.8541,602.90076,867.0,Stn A,0.61,2022-10-07 17:13:40,6.3783756e+07,9,1.3474486e+09,1
345,72.59967,-144.68266,28,34.8675,802.51733,866.0,Stn A,0.3049,2022-10-07 17:13:40,6.4702164e+07,9,1.3803683e+09,1
345,72.59967,-144.68266,28,34.878,1003.1977,865.0,Stn A,0.0463,2022-10-07 17:13:40,5.4957668e+07,9,1.1728659e+09,1
345,72.59967,-144.68266,28,34.9116,1502.6344,864.0,Stn A,-0.292,2022-10-07 17:13:40,2.3388134e+07,9,4.950049e+08,1
345,72.59967,-144.68266,28,34.9431,2002.7428,863.0,Stn A,-0.4021,2022-10-07 17:13:40,2.4504708e+06,9,4.82799e+07,1
345,72.59967,-144.68266,28,34.9536,2392.6992,862.0,Stn A,-0.3842,2022-10-07 17:13:40,852411.0,9,6.7706075e+06,1
345,72.59967,-144.68266,28,34.959,3333.0073,861.0,Stn A,-0.2931,2022-10-07 17:13:40,761652.75,9,4.3718415e+06,1
345,78.303,-153.24283,28,34.94895,2273.4536,549.0,CB10,-0.37985,2023-09-28 06:29:38,2.931186e+06,9,5.0570564e+07,1
345,78.303,-153.24283,28,34.9393,2003.3643,550.0,CB10,-0.3932,2023-09-28 06:29:38,9.666359e+06,9,1.9672856e+08,1
345,78.303,-153.24283,28,34.90455,1502.8707,551.0,CB10,-0.2497,2023-09-28 06:29:38,8.39429e+07,9,1.7917887e+09,1
345,78.303,-153.24283,28,34.8828,1003.1813,552.0,CB10,0.1648,2023-09-28 06:29:38,1.2631678e+08,9,2.7055442e+09,1
345,78.303,-153.24283,28,34.87485,802.786,553.0,CB10,0.42625,2023-09-28 06:29:38,1.5098894e+08,9,3.2346775e+09,1
345,78.303,-153.24283,28,34.86575,603.0,554.0,CB10,0.8084,2023-09-28 06:29:38,1.6881598e+08,9,3.6170017e+09,1
345,78.303,-153.24283,28,34.731,297.938,558.0,CB10,0.5571,2023-09-28 06:29:38,1.9031202e+08,9,4.073324e+09,1
345,78.303,-153.24283,28,34.40815,237.72804,559.0,CB10,-0.53125,2023-09-28 06:29:38,2.0550125e+08,9,4.3916467e+09,1
345,78.303,-153.24283,28,33.71775,192.14429,561.0,CB10,-1.03335,2023-09-28 06:29:38,1.2197532e+08,9,2.6124337e+09,1
345,78.303,-153.24283,28,33.1233,162.86142,562.0,CB10,-1.2955,2023-09-28 06:29:38,1.4338607e+07,9,2.987634e+08,1
345,78.303,-153.24283,28,31.038,37.413677,568.0,CB10,-0.6828,2023-09-28 06:29:38,9.920078e+06,9,1.642107e+08,1
345,78.303,-153.24283,28,26.4881,5.693377,572.0,CB10,-1.43045,2023-09-28 06:29:38,8.790358e+06,9,1.78229e+08,1
345,75.29867,-153.29933,28,34.95525,3743.3154,645.0,CB5,-0.25285,2023-09-30 04:34:14,1.4126171e+06,9,4.03441e+06,1
345,75.29867,-153.29933,28,34.9365,2002.9156,648.0,CB5,-0.3957,2023-09-30 04:34:14,4.888388e+06,9,9.492354e+07,1
345,75.29867,-153.29933,28,34.90395,1503.7675,649.0,CB5,-0.26925,2023-09-30 04:34:14,4.1328956e+07,9,8.7064096e+08,1
345,75.29867,-153.29933,28,34.87685,1004.08307,650.0,CB5,0.1231,2023-09-30 04:34:14,9.695027e+07,9,2.0757167e+09,1
345,75.29867,-153.29933,28,34.8671,803.5554,651.0,CB5,0.4028,2023-09-30 04:34:14,9.421799e+07,9,2.0171156e+09,1
345,75.29867,-153.29933,28,34.85305,603.02606,652.0,CB5,0.72665,2023-09-30 04:34:14,9.857179e+07,9,2.1104943e+09,1
345,75.29867,-153.29933,28,34.84055,527.845,653.0,CB5,0.81795,2023-09-30 04:34:14,1.1171375e+08,9,2.392354e+09,1
345,75.29867,-153.29933,28,34.71625,366.94553,655.0,CB5,0.4342,2023-09-30 04:34:14,1.0601353e+08,9,2.263853e+09,1
345,75.29867,-153.29933,28,34.37825,295.2484,657.0,CB5,-0.33825,2023-09-30 04:34:14,1.0592582e+08,9,2.2682194e+09,1
345,75.29867,-153.29933,28,34.14995,273.08646,658.0,CB5,-0.6788,2023-09-30 04:34:14,9.3241016e+07,9,1.9938666e+09,1
345,75.29867,-153.29933,28,33.71095,246.07799,659.0,CB5,-1.0853,2023-09-30 04:34:14,5.808165e+07,9,1.2405938e+09,1
345,75.29867,-153.29933,28,33.1127,215.1078,660.0,CB5,-1.3808,2023-09-30 04:34:14,1.3356763e+07,9,2.8037872e+08,1
345,75.29867,-153.29933,28,31.8217,92.81524,664.0,CB5,-0.4844,2023-09-30 04:34:14,4.8001955e+06,9,9.028907e+07,1
345,75.29867,-153.29933,28,31.21685,68.13841,665.0,CB5,0.3806,2023-09-30 04:34:14,6.876488e+06,9,1.3828067e+08,1
345,75.29867,-153.29933,28,25.1367,5.672309,668.0,CB5,1.12545,2023-09-30 04:34:14,8.3557975e+06,9,1.7121986e+08,1
345,71.51984,-151.57584,28,34.88585,1195.625,882.0,BL4,-0.01905,2023-10-04 10:45:44,9.227042e+07,9,1.9551823e+09,1
345,71.51984,-151.57584,28,34.86635,803.0809,883.0,BL4,0.5188,2023-10-04 10:45:44,1.1544373e+08,9,2.465548e+09,1
345,71.51984,-151.57584,28,34.8604,602.96857,884.0,BL4,0.69385,2023-10-04 10:45:44,1.30786936e+08,9,2.7981952e+09,1
345,71.51984,-151.57584,28,34.83805,393.65674,885.0,BL4,0.8549,2023-10-04 10:45:44,1.1790785e+08,9,2.5182505e+09,1
345,71.51984,-151.57584,28,34.84425,403.66476,886.0,BL4,0.85535,2023-10-04 10:45:44,1.2263966e+08,9,2.6266819e+09,1
345,71.51984,-151.57584,28,34.7084,275.68985,889.0,BL4,0.41615,2023-10-04 10:45:44,1.3454797e+08,9,2.8741468e+09,1
345,71.51984,-151.57584,28,34.41445,201.75786,891.0,BL4,-0.19835,2023-10-04 10:45:44,1.1773506e+08,9,2.5185953e+09,1
345,71.51984,-151.57584,28,34.1751,179.76549,892.0,BL4,-0.62745,2023-10-04 10:45:44,1.0728475e+08,9,2.2947238e+09,1
345,71.51984,-151.57584,28,33.8419,166.90224,893.0,BL4,-0.90175,2023-10-04 10:45:44,8.337167e+07,9,1.7795706e+09,1
345,71.51984,-151.57584,28,33.32185,160.90694,894.0,BL4,-1.2832,2023-10-04 10:45:44,2.98058e+07,9,6.288062e+08,1
345,71.51984,-151.57584,28,32.3312,120.80164,897.0,BL4,-1.1974,2023-10-04 10:45:44,6.6487475e+06,9,1.1767454e+08,1
345,71.51984,-151.57584,28,30.4409,29.635103,900.0,BL4,4.84325,2023-10-04 10:45:44,3.398622e+06,9,5.8767056e+07,1
345,71.51984,-151.57584,28,29.9344,5.869365,902.0,BL4,4.5986,2023-10-04 10:45:44,2.7721982e+06,9,4.490196e+07,1
345,72.597664,-144.719,28,34.95465,3325.9404,940.0,Stn A,-0.29325,2023-10-05 03:56:42,1.4549801e+06,9,5.643067e+06,1
345,72.597664,-144.719,28,34.93895,2003.7233,942.0,Stn A,-0.40285,2023-10-05 03:56:42,3.05276e+06,9,5.198771e+07,1
345,72.597664,-144.719,28,34.90755,1503.627,943.0,Stn A,-0.29785,2023-10-05 03:56:42,2.893642e+07,9,6.136772e+08,1
345,72.597664,-144.719,28,34.8756,1003.1476,944.0,Stn A,0.0615,2023-10-05 03:56:42,6.869275e+07,9,1.469636e+09,1
345,72.597664,-144.719,28,34.8658,803.81384,945.0,Stn A,0.31015,2023-10-05 03:56:42,8.066371e+07,9,1.7244166e+09,1
345,72.597664,-144.719,28,34.85285,603.66656,946.0,Stn A,0.6133,2023-10-05 03:56:42,8.964925e+07,9,1.9169193e+09,1
345,72.597664,-144.719,28,34.8287,461.80344,947.0,Stn A,0.76385,2023-10-05 03:56:42,8.8688216e+07,9,1.8932873e+09,1
345,72.597664,-144.719,28,34.42295,272.09967,950.0,Stn A,-0.2407,2023-10-05 03:56:42,1.1225129e+08,9,2.4038828e+09,1
345,72.597664,-144.719,28,34.19365,248.88841,951.0,Stn A,-0.6141,2023-10-05 03:56:42,1.0368573e+08,9,2.2176233e+09,1
345,72.597664,-144.719,28,33.75185,224.08379,952.0,Stn A,-1.064,2023-10-05 03:56:42,5.3168908e+07,9,1.1335032e+09,1
345,72.597664,-144.719,28,33.1158,196.10713,953.0,Stn A,-1.41615,2023-10-05 03:56:42,1.3840696e+07,9,2.907584e+08,1
345,72.597664,-144.719,28,31.8564,84.878525,957.0,Stn A,-0.56265,2023-10-05 03:56:42,4.857125e+06,9,9.469373e+07,1
345,72.597664,-144.719,28,31.11905,58.363033,958.0,Stn A,0.07565,2023-10-05 03:56:42,7.978285e+06,9,1.6179771e+08,1
345,72.597664,-144.719,28,25.2164,5.3771396,963.0,Stn A,1.0407,2023-10-05 03:56:42,8.566849e+06,9,1.7167947e+08,1
345,71.52367,-151.58217,28,29.3329,5.770388,843.0,BL4,5.1424,2024-09-17 08:35:41,49.90586,9,3.0019218e+07,1
345,71.52367,-151.58217,28,29.3633,10.2450485,841.0,BL4,4.7266,2024-09-17 08:35:41,90.94296,9,3.8663304e+07,1
345,71.52367,-151.58217,28,32.4624,94.85911,838.0,BL4,-1.1397,2024-09-17 08:35:41,927.35895,9,1.390541e+08,1
345,71.52367,-151.58217,28,33.2265,142.60942,835.0,BL4,-1.2678,2024-09-17 08:35:41,14768.671,9,5.3763635e+08,1
345,71.52367,-151.58217,28,34.0324,162.06702,834.0,BL4,-0.616,2024-09-17 08:35:41,166811.33,9,1.8728836e+09,1
345,71.52367,-151.58217,28,34.2507,173.10597,833.0,BL4,-0.3509,2024-09-17 08:35:41,281352.47,9,2.2491942e+09,1
345,71.52367,-151.58217,28,34.5744,207.79936,832.0,BL4,0.2266,2024-09-17 08:35:41,374501.97,9,3.1128476e+09,1
345,71.52367,-151.58217,28,34.7244,271.97614,830.0,BL4,0.6244,2024-09-17 08:35:41,603175.56,9,3.4390316e+09,1
345,71.52367,-151.58217,28,34.7864,403.71506,827.0,BL4,0.8255,2024-09-17 08:35:41,488641.2,9,2.8949778e+09,1
345,71.52367,-151.58217,28,34.8064,503.71042,826.0,BL4,0.8565,2024-09-17 08:35:41,448257.47,9,3.0214764e+09,1
345,71.52367,-151.58217,28,34.8363,622.99036,825.0,BL4,0.7848,2024-09-17 08:35:41,436149.53,9,2.6607805e+09,1
345,71.52367,-151.58217,28,34.8528,1127.7836,823.0,BL4,0.0799,2024-09-17 08:35:41,224408.1,9,1.904393e+09,1
345,78.3035,-153.22,28,29.3939,5.914024,464.0,CB10,-1.4216,2024-09-09 15:33:02,1054.8793,9,1.3496317e+08,1
345,78.3035,-153.22,28,31.4402,51.56606,461.0,CB10,-1.5861,2024-09-09 15:33:02,654.3938,9,1.0859513e+08,1
345,78.3035,-153.22,28,31.859,65.02702,460.0,CB10,-1.516,2024-09-09 15:33:02,439.71927,9,9.088152e+07,1
345,78.3035,-153.22,28,33.1366,148.7128,456.0,CB10,-1.5483,2024-09-09 15:33:02,2483.6465,9,2.0508622e+08,1
345,78.3035,-153.22,28,33.7324,170.5424,455.0,CB10,-1.0107,2024-09-09 15:33:02,46249.02,9,8.7513363e+08,1
345,78.3035,-153.22,28,34.4121,221.85193,453.0,CB10,-0.6304,2024-09-09 15:33:02,1.8742806e+06,9,6.0332795e+09,1
345,78.3035,-153.22,28,34.7131,284.91818,451.0,CB10,0.5407,2024-09-09 15:33:02,825952.75,9,4.2023928e+09,1
345,78.3035,-153.22,28,34.8413,453.0989,448.0,CB10,0.9801,2024-09-09 15:33:02,580772.0,9,3.3133187e+09,1
345,78.3035,-153.22,28,34.8624,603.25256,446.0,CB10,0.8113,2024-09-09 15:33:02,541017.94,9,3.2080397e+09,1
345,78.3035,-153.22,28,34.8713,803.25024,445.0,CB10,0.4406,2024-09-09 15:33:02,596293.75,9,3.2032197e+09,1
345,78.3035,-153.22,28,34.8817,1003.3713,444.0,CB10,0.1817,2024-09-09 15:33:02,495926.22,9,3.0246502e+09,1
345,78.3035,-153.22,28,34.9021,1503.7863,443.0,CB10,-0.2341,2024-09-09 15:33:02,125650.84,9,1.6036106e+09,1
345,78.3035,-153.22,28,34.9412,2002.8507,442.0,CB10,-0.3968,2024-09-09 15:33:02,624.87195,9,1.0916594e+08,1
345,78.3035,-153.22,28,34.9474,2347.8667,441.0,CB10,-0.375,2024-09-09 15:33:02,65.97926,9,3.181204e+07,1
345,75.3035,-153.28934,28,25.4037,5.979075,702.0,CB5,0.3993,2024-09-15 08:11:13,1367.9043,9,1.5783899e+08,1
345,75.3035,-153.28934,28,31.2814,57.729042,699.0,CB5,0.1443,2024-09-15 08:11:13,745.6634,9,1.2136607e+08,1
345,75.3035,-153.28934,28,31.8782,78.012054,698.0,CB5,-0.7063,2024-09-15 08:11:13,464.64398,9,9.1268456e+07,1
345,75.3035,-153.28934,28,33.118,197.49385,694.0,CB5,-1.4541,2024-09-15 08:11:13,5147.027,9,3.195937e+08,1
345,75.3035,-153.28934,28,33.7016,226.9968,693.0,CB5,-1.0989,2024-09-15 08:11:13,55133.95,9,1.02401984e+09,1
345,75.3035,-153.28934,28,34.1749,250.69376,692.0,CB5,-0.6033,2024-09-15 08:11:13,192028.89,9,1.8455185e+09,1
345,75.3035,-153.28934,28,34.3972,273.6072,691.0,CB5,-0.2927,2024-09-15 08:11:13,279835.6,9,2.286686e+09,1
345,75.3035,-153.28934,28,34.7192,349.22012,689.0,CB5,0.4422,2024-09-15 08:11:13,313834.06,9,2.4429512e+09,1
345,75.3035,-153.28934,28,34.8402,499.2183,687.0,CB5,0.8403,2024-09-15 08:11:13,213897.23,9,2.1778074e+09,1
345,75.3035,-153.28934,28,34.8548,603.06934,686.0,CB5,0.7116,2024-09-15 08:11:13,195889.64,9,1.9793812e+09,1
345,75.3035,-153.28934,28,34.8664,803.2526,685.0,CB5,0.3623,2024-09-15 08:11:13,192341.97,9,1.8596436e+09,1
345,75.3035,-153.28934,28,34.8731,1003.4279,684.0,CB5,0.098,2024-09-15 08:11:13,121731.42,9,1.6257153e+09,1
345,75.3035,-153.28934,28,34.9023,1503.5392,683.0,CB5,-0.2658,2024-09-15 08:11:13,51796.73,9,9.6105165e+08,1
345,75.3035,-153.28934,28,34.9345,2003.3798,682.0,CB5,-0.394,2024-09-15 08:11:13,643.30347,9,1.0761575e+08,1
345,75.3035,-153.28934,28,34.9538,3743.72,679.0,CB5,-0.2524,2024-09-15 08:11:13,0.16497236,9,785737.4,1
345,72.60067,-144.697,28,25.1906,5.4454284,905.0,Stn A,2.3719,2024-09-18 12:50:04,1326.7545,9,1.5616312e+08,1
345,72.60067,-144.697,28,31.8675,93.8089,901.0,Stn A,-0.5432,2024-09-18 12:50:04,392.82907,9,8.054066e+07,1
345,72.60067,-144.697,28,32.2915,127.71551,900.0,Stn A,-1.1654,2024-09-18 12:50:04,454.9743,9,9.272198e+07,1
345,72.60067,-144.697,28,33.088,205.35793,897.0,Stn A,-1.4266,2024-09-18 12:50:04,4626.4404,9,2.8269728e+08,1
345,72.60067,-144.697,28,33.672,236.10632,896.0,Stn A,-1.0558,2024-09-18 12:50:04,58910.12,9,1.0335951e+09,1
345,72.60067,-144.697,28,34.1762,261.9375,895.0,Stn A,-0.5711,2024-09-18 12:50:04,200028.31,9,1.866214e+09,1
345,72.60067,-144.697,28,34.724,356.5472,892.0,Stn A,0.4623,2024-09-18 12:50:04,144742.33,9,1.7085658e+09,1
345,72.60067,-144.697,28,34.8285,480.59564,890.0,Stn A,0.7563,2024-09-18 12:50:04,90302.09,9,1.3808984e+09,1
345,72.60067,-144.697,28,34.8505,603.2007,888.0,Stn A,0.6352,2024-09-18 12:50:04,116014.195,9,1.5503025e+09,1
345,72.60067,-144.697,28,34.8635,803.23694,887.0,Stn A,0.2983,2024-09-18 12:50:04,123035.68,9,1.4947546e+09,1
345,72.60067,-144.697,28,34.8738,1003.0923,886.0,Stn A,0.0605,2024-09-18 12:50:04,58288.26,9,1.0535037e+09,1
345,72.60067,-144.697,28,34.9059,1502.9507,885.0,Stn A,-0.2938,2024-09-18 12:50:04,15651.417,9,5.2824918e+08,1
345,72.60067,-144.697,28,34.9366,2003.0544,884.0,Stn A,-0.3998,2024-09-18 12:50:04,290.5085,9,6.6499052e+07,1
345,72.60067,-144.697,28,34.9533,3330.5403,882.0,Stn A,-0.2924,2024-09-18 12:50:04,0.0,9,0.0,1
345,75.00083,-150.00133,28,34.935776,2001.7275,289.0,CB4,-0.3938,2021-08-28 13:29:58,2.0849676e+07,12,6.5780774e+08,1
345,75.00083,-150.00133,28,34.904095,1501.9213,290.0,CB4,-0.2678,2021-08-28 13:29:58,4.1989788e+07,12,1.3527457e+09,1
345,75.00083,-150.00133,28,34.872437,1001.43085,291.0,CB4,0.0751,2021-08-28 13:29:58,4.524764e+07,12,1.4490327e+09,1
345,75.00083,-150.00133,28,34.86178,801.98816,292.0,CB4,0.3395,2021-08-28 13:29:58,4.603322e+07,12,1.4733293e+09,1
345,75.00083,-150.00133,28,34.84795,601.43585,293.0,CB4,0.6611,2021-08-28 13:29:58,4.041102e+07,12,1.3028681e+09,1
345,75.00083,-150.00133,28,34.604916,337.70245,297.0,CB4,0.1614,2021-08-28 13:29:58,6.033272e+07,12,1.9565498e+09,1
345,75.00083,-150.00133,28,33.687225,253.62584,300.0,CB4,-1.1677,2021-08-28 13:29:58,1.067375e+07,12,3.2234067e+08,1
345,75.00083,-150.00133,28,32.3105,134.66966,304.0,CB4,-1.2304,2021-08-28 13:29:58,4.3760725e+06,12,7.8617704e+07,1
345,75.00083,-150.00133,28,31.865965,98.52983,305.0,CB4,-0.6188,2021-08-28 13:29:58,5.573952e+06,12,1.3425669e+08,1
345,75.00083,-150.00133,28,31.007257,64.96174,306.0,CB4,0.8008,2021-08-28 13:29:58,6.7884105e+06,12,1.840342e+08,1
345,75.3045,-153.32016,28,34.903763,1501.7805,335.0,CB5,-0.2561,2021-08-29 07:02:04,7.416412e+07,12,2.403971e+09,1
345,75.3045,-153.32016,28,34.87804,1001.8217,336.0,CB5,0.1165,2021-08-29 07:02:04,3.5342984e+07,12,1.1243235e+09,1
345,75.3045,-153.32016,28,34.86943,802.1338,337.0,CB5,0.3884,2021-08-29 07:02:04,7.717882e+07,12,2.488924e+09,1
345,75.3045,-153.32016,28,34.858177,601.6564,338.0,CB5,0.741,2021-08-29 07:02:04,5.149401e+07,12,1.6695114e+09,1
345,75.3045,-153.32016,28,34.621956,328.8938,342.0,CB5,0.1969,2021-08-29 07:02:04,6.3461868e+07,12,2.0617434e+09,1
345,75.3045,-153.32016,28,33.687325,247.6406,345.0,CB5,-1.1166,2021-08-29 07:02:04,1.3147348e+07,12,4.0597357e+08,1
345,75.3045,-153.32016,28,32.339405,133.07755,349.0,CB5,-1.2105,2021-08-29 07:02:04,4.5682455e+06,12,8.735413e+07,1
345,75.3045,-153.32016,28,31.019882,62.429245,351.0,CB5,0.2637,2021-08-29 07:02:04,6.5926675e+06,12,1.7638723e+08,1
345,75.3045,-153.32016,28,28.124187,20.724136,354.0,CB5,-1.0357,2021-08-29 07:02:04,6.665926e+06,12,1.7933053e+08,1
345,74.00283,-140.02017,28,26.575974,5.1036158,782.0,CB21,-1.3724,2021-09-07 21:55:31,8.984454e+06,12,2.6392774e+08,1
345,74.00283,-140.02017,28,32.29242,148.95683,790.0,CB21,-1.2001,2021-09-07 21:55:31,4.400513e+06,12,8.053093e+07,1
345,74.00283,-140.02017,28,26.374844,20.0436,802.0,CB21,-1.3556,2021-09-07 21:55:31,6.8559185e+06,12,1.8675362e+08,1
345,73.997,-140.07883,28,34.956482,3421.0508,809.0,CB21,-0.2849,2021-09-08 00:20:49,3.7838308e+06,12,306915.72,1
345,73.997,-140.07883,28,34.95221,2501.7988,811.0,CB21,-0.3766,2021-09-08 00:20:49,3.6317592e+06,12,2.5469326e+07,1
345,73.997,-140.07883,28,34.939808,2002.0006,812.0,CB21,-0.4025,2021-09-08 00:20:49,6.5454495e+06,12,1.6870898e+08,1
345,73.997,-140.07883,28,34.91066,1501.7032,813.0,CB21,-0.2841,2021-09-08 00:20:49,2.027054e+07,12,6.388288e+08,1
345,73.997,-140.07883,28,34.8752,1000.4476,817.0,CB21,0.0501,2021-09-08 00:20:49,2.4754492e+07,12,7.8272256e+08,1
345,73.997,-140.07883,28,34.861908,802.19806,818.0,CB21,0.3114,2021-09-08 00:20:49,3.0489402e+07,12,9.684935e+08,1
345,73.997,-140.07883,28,34.84751,602.1741,819.0,CB21,0.6276,2021-09-08 00:20:49,3.0906772e+07,12,9.8204755e+08,1
345,73.997,-140.07883,28,34.702328,379.19577,825.0,CB21,0.3993,2021-09-08 00:20:49,6.6741692e+07,12,2.1658476e+09,1
345,74.30983,-143.0685,28,32.631355,184.2779,830.0,CB19,-1.3792,2021-09-08 07:56:49,3.4539468e+06,12,725511.6,1
345,74.30983,-143.0685,28,34.95124,2501.4985,834.0,CB19,-0.3755,2021-09-08 07:56:49,3.9385618e+06,12,5.0446584e+07,1
345,74.30983,-143.0685,28,34.93879,2001.7477,835.0,CB19,-0.3996,2021-09-08 07:56:49,1.342519e+07,12,4.123237e+08,1
345,74.30983,-143.0685,28,34.907864,1502.1471,836.0,CB19,-0.2857,2021-09-08 07:56:49,7.504225e+07,12,2.4277156e+09,1
345,74.30983,-143.0685,28,34.874905,1001.45465,837.0,CB19,0.0386,2021-09-08 07:56:49,2.9108194e+07,12,9.2300685e+08,1
345,74.30983,-143.0685,28,34.862293,801.4741,838.0,CB19,0.2937,2021-09-08 07:56:49,3.1969454e+07,12,1.016368e+09,1
345,74.30983,-143.0685,28,34.8482,601.75146,839.0,CB19,0.6178,2021-09-08 07:56:49,3.756144e+07,12,1.2000452e+09,1
345,74.30983,-143.0685,28,34.7118,369.40747,842.0,CB19,0.4271,2021-09-08 07:56:49,6.2882572e+07,12,2.0375891e+09,1
345,74.30983,-143.0685,28,33.618935,249.70312,845.0,CB19,-1.1857,2021-09-08 07:56:49,1.3086317e+07,12,4.039374e+08,1
345,74.30983,-143.0685,28,32.359276,145.83057,849.0,CB19,-1.2593,2021-09-08 07:56:49,4.45883e+06,12,8.315511e+07,1
345,74.30983,-143.0685,28,30.989622,72.84175,852.0,CB19,0.44,2021-09-08 07:56:49,6.9009915e+06,12,1.8588005e+08,1
345,74.30983,-143.0685,28,26.801325,21.0754,853.0,CB19,-1.3013,2021-09-08 07:56:49,6.8321775e+06,12,1.8544307e+08,1
345,72.3485,-134.01784,28,34.951538,2053.6602,926.0,CB31b,-0.3892,2021-09-10 17:19:31,8.582819e+06,12,2.4747037e+08,1
345,72.3485,-134.01784,28,34.911858,1501.9165,927.0,CB31b,-0.3122,2021-09-10 17:19:31,1.6498981e+07,12,5.163009e+08,1
345,72.3485,-134.01784,28,34.87736,1001.80066,928.0,CB31b,0.0023,2021-09-10 17:19:31,1.6419694e+07,12,5.1004438e+08,1
345,72.3485,-134.01784,28,34.86576,802.16425,929.1,CB31b,0.2364,2021-09-10 17:19:31,2.388237e+07,12,7.541397e+08,1
345,72.3485,-134.01784,28,34.848175,602.5446,930.0,CB31b,0.5164,2021-09-10 17:19:31,3.0092064e+07,12,9.5694944e+08,1
345,72.3485,-134.01784,28,34.601204,294.26462,935.0,CB31b,0.1399,2021-09-10 17:19:31,7.647161e+07,12,2.4844618e+09,1
345,72.3485,-134.01784,28,33.66925,211.28221,938.0,CB31b,-1.0677,2021-09-10 17:19:31,8.830454e+06,12,2.5870758e+08,1
345,72.3485,-134.01784,28,32.356472,125.14646,942.0,CB31b,-1.2687,2021-09-10 17:19:31,4.5490725e+06,12,8.614714e+07,1
345,72.3485,-134.01784,28,30.784124,56.21765,945.0,CB31b,0.7481,2021-09-10 17:19:31,6.730856e+06,12,1.8008198e+08,1
345,72.3485,-134.01784,28,26.401276,4.868495,948.0,CB31b,-1.3284,2021-09-10 17:19:31,6.6228305e+06,12,1.7853213e+08,1
345,72.90483,-135.98433,28,26.397741,4.865383,949.0,CB23a,-1.3278,2021-09-11 02:19:11,3.4407782e+06,12,2.390946e+06,1
345,72.90483,-135.98433,28,34.93806,2001.9305,952.0,CB23a,-0.3912,2021-09-11 02:19:11,9.761161e+06,12,2.891672e+08,1
345,72.90483,-135.98433,28,34.906277,1502.4934,953.0,CB23a,-0.2708,2021-09-11 02:19:11,2.2397444e+07,12,7.1079885e+08,1
345,72.90483,-135.98433,28,34.872757,1002.2647,954.0,CB23a,0.0572,2021-09-11 02:19:11,2.500682e+07,12,7.9039936e+08,1
345,72.90483,-135.98433,28,34.860752,802.0658,955.0,CB23a,0.3066,2021-09-11 02:19:11,2.7584464e+07,12,8.743338e+08,1
345,72.90483,-135.98433,28,34.845257,602.076,956.0,CB23a,0.5894,2021-09-11 02:19:11,2.8176104e+07,12,8.9353094e+08,1
345,72.90483,-135.98433,28,33.710815,246.12248,962.0,CB23a,-1.1274,2021-09-11 02:19:11,8.485324e+06,12,2.4654478e+08,1
345,72.90483,-135.98433,28,32.315323,142.5118,966.0,CB23a,-1.2113,2021-09-11 02:19:11,4.462424e+06,12,8.345583e+07,1
345,72.90483,-135.98433,28,30.785158,67.6576,969.0,CB23a,0.6962,2021-09-11 02:19:11,6.9278675e+06,12,1.8578957e+08,1
345,73.4525,-138.01633,28,26.048637,5.055262,973.0,CB22,-1.2145,2021-09-11 08:45:51,3.4448662e+06,12,3.1719928e+06,1
345,73.4525,-138.01633,28,34.93968,1999.2338,976.0,CB22,-0.4006,2021-09-11 08:45:51,9.411509e+06,12,2.7732867e+08,1
345,73.4525,-138.01633,28,34.909676,1502.0524,977.1,CB22,-0.2929,2021-09-11 08:45:51,1.5423212e+07,12,4.7887754e+08,1
345,73.4525,-138.01633,28,34.87649,1001.66833,978.0,CB22,0.0308,2021-09-11 08:45:51,2.0923494e+07,12,6.5753216e+08,1
345,73.4525,-138.01633,28,34.86307,801.80963,979.0,CB22,0.2774,2021-09-11 08:45:51,2.5387236e+07,12,8.0339866e+08,1
345,73.4525,-138.01633,28,34.848537,601.9091,980.0,CB22,0.602,2021-09-11 08:45:51,3.803006e+07,12,1.2134986e+09,1
345,73.4525,-138.01633,28,34.607166,333.7715,984.0,CB22,0.1605,2021-09-11 08:45:51,7.666981e+07,12,2.488183e+09,1
345,73.4525,-138.01633,28,32.34157,145.8397,991.0,CB22,-1.2309,2021-09-11 08:45:51,4.5685595e+06,12,8.832458e+07,1
345,73.4525,-138.01633,28,26.978851,20.794258,996.1,CB22,-1.0803,2021-09-11 08:45:51,6.9525105e+06,12,1.8995128e+08,1
345,71.7775,-131.87866,28,34.867794,902.1619,1188.0,CB1,0.1574,2021-09-13 13:54:30,3.1448402e+07,12,9.986433e+08,1
345,71.7775,-131.87866,28,34.83119,501.6319,1192.0,CB1,0.6533,2021-09-13 13:54:30,3.749294e+07,12,1.207079e+09,1
345,71.7775,-131.87866,28,33.663296,198.27834,1200.0,CB1,-1.1703,2021-09-13 13:54:30,1.2341992e+07,12,3.78665e+08,1
345,71.7775,-131.87866,28,32.630997,129.6777,1203.0,CB1,-1.3218,2021-09-13 13:54:30,5.443597e+06,12,1.3077804e+08,1
345,71.7775,-131.87866,28,31.702974,70.87933,1206.0,CB1,-0.7205,2021-09-13 13:54:30,7.306483e+06,12,2.0308258e+08,1
345,71.7775,-131.87866,28,28.050358,15.573516,1209.0,CB1,-1.298,2021-09-13 13:54:30,6.810507e+06,12,1.8558202e+08,1
345,70.5395,-122.94517,28,27.6802,5.849896,47.0,AG5,3.2875,2022-09-18 05:10:22,1.0420067e+07,12,2.1919598e+08,1
345,70.5395,-122.94517,28,31.2421,32.150578,41.0,AG5,-1.049,2022-09-18 05:10:22,1.2563338e+07,12,2.6272805e+08,1
345,70.5395,-122.94517,28,32.8468,101.903755,37.0,AG5,-1.1744,2022-09-18 05:10:22,1.7577784e+07,12,3.6992618e+08,1
345,70.5395,-122.94517,28,33.2132,124.83264,36.0,AG5,-1.0952,2022-09-18 05:10:22,2.3220918e+07,12,4.9103542e+08,1
345,70.5395,-122.94517,28,34.6833,303.65738,29.0,AG5,0.2942,2022-09-18 05:10:22,4.9575956e+07,12,1.04704877e+09,1
345,70.5395,-122.94517,28,34.7131,352.5692,28.0,AG5,0.3477,2022-09-18 05:10:22,5.1576332e+07,12,1.0893719e+09,1
345,70.5395,-122.94517,28,34.7472,499.39294,26.0,AG5,0.4225,2022-09-18 05:10:22,5.002324e+07,12,1.0565121e+09,1
345,70.5395,-122.94517,28,34.7544,591.0342,25.0,AG5,0.4497,2022-09-18 05:10:22,5.2719884e+07,12,1.1206208e+09,1
345,71.52067,-151.58983,28,30.2406,6.2880335,719.0,BL4,-0.8615,2022-10-04 15:18:14,8.331586e+06,12,1.7488757e+08,1
345,71.52067,-151.58983,28,30.2397,6.4760876,718.0,BL4,-0.8633,2022-10-04 15:18:14,8.723952e+06,12,1.8363938e+08,1
345,71.52067,-151.58983,28,31.431,36.372494,716.0,BL4,-0.5816,2022-10-04 15:18:14,7.1208795e+06,12,1.4685565e+08,1
345,71.52067,-151.58983,28,33.1483,155.48808,710.0,BL4,-1.207,2022-10-04 15:18:14,1.4510858e+07,12,3.0789024e+08,1
345,71.52067,-151.58983,28,34.435,234.74097,707.0,BL4,-0.1863,2022-10-04 15:18:14,1.0501908e+08,12,2.2500547e+09,1
345,71.52067,-151.58983,28,34.7062,303.6385,705.0,BL4,0.4056,2022-10-04 15:18:14,1.4394666e+08,12,3.085318e+09,1
345,71.52067,-151.58983,28,34.7949,403.6361,702.0,BL4,0.708,2022-10-04 15:18:14,1.2935877e+08,12,2.7693253e+09,1
345,71.52067,-151.58983,28,34.8612,603.2054,700.0,BL4,0.7677,2022-10-04 15:18:14,1.1830433e+08,12,2.5273347e+09,1
345,71.52067,-151.58983,28,34.87,803.6271,699.0,BL4,0.459,2022-10-04 15:18:14,1.07753064e+08,12,2.305856e+09,1
345,71.52067,-151.58983,28,34.8914,1152.5762,698.0,BL4,-0.0727,2022-10-04 15:18:14,6.773966e+07,12,1.4493102e+09,1
345,71.95417,-150.30017,28,29.4647,5.3911815,788.0,BL8,-0.3142,2022-10-05 05:23:02,8.629935e+06,12,1.8158526e+08,1
345,71.95417,-150.30017,28,30.9158,35.754124,783.0,BL8,-0.0506,2022-10-05 05:23:02,7.5128815e+06,12,1.5717611e+08,1
345,71.95417,-150.30017,28,31.8549,55.401527,782.0,BL8,-0.2421,2022-10-05 05:23:02,4.9188765e+06,12,1.0096232e+08,1
345,71.95417,-150.30017,28,33.207,150.53432,778.0,BL8,-1.1938,2022-10-05 05:23:02,1.2765724e+07,12,2.702035e+08,1
345,71.95417,-150.30017,28,34.4245,227.44409,775.0,BL8,-0.2152,2022-10-05 05:23:02,9.269649e+07,12,1.9857047e+09,1
345,71.95417,-150.30017,28,34.6985,287.38004,774.0,BL8,0.3532,2022-10-05 05:23:02,1.15333e+08,12,2.470251e+09,1
345,71.95417,-150.30017,28,34.8485,467.44626,772.0,BL8,0.8241,2022-10-05 05:23:02,1.1456305e+08,12,2.4518577e+09,1
345,71.95417,-150.30017,28,34.8618,602.1114,770.0,BL8,0.6771,2022-10-05 05:23:02,9.827031e+07,12,2.1033996e+09,1
345,71.95417,-150.30017,28,34.8707,801.6903,769.0,BL8,0.422,2022-10-05 05:23:02,9.6600296e+07,12,2.0672417e+09,1
345,71.95417,-150.30017,28,34.8869,1002.7577,768.0,BL8,-0.011,2022-10-05 05:23:02,7.777067e+07,12,1.661996e+09,1
345,71.95417,-150.30017,28,34.9201,1501.4738,767.0,BL8,-0.3388,2022-10-05 05:23:02,2.8633038e+07,12,6.098149e+08,1
345,71.95417,-150.30017,28,34.9441,2002.0543,766.0,BL8,-0.3997,2022-10-05 05:23:02,4.886004e+06,12,1.0040359e+08,1
345,71.95417,-150.30017,28,34.9595,2962.544,765.0,BL8,-0.3213,2022-10-05 05:23:02,780292.9,12,5.6522845e+06,1
345,78.30617,-153.21217,28,27.5739,5.803205,459.0,CB10,-1.4778,2022-09-29 07:18:31,9.588285e+06,12,2.0099011e+08,1
345,78.30617,-153.21217,28,31.2307,43.022903,455.0,CB10,-0.9264,2022-09-29 07:18:31,6.3919325e+06,12,1.3238303e+08,1
345,78.30617,-153.21217,28,31.8668,60.36603,453.0,CB10,-1.4003,2022-09-29 07:18:31,7.408867e+06,12,1.5353598e+08,1
345,78.30617,-153.21217,28,33.1653,152.31578,449.0,CB10,-1.4512,2022-09-29 07:18:31,2.3255418e+07,12,4.9454534e+08,1
345,78.30617,-153.21217,28,34.4223,227.1655,446.0,CB10,-0.7144,2022-09-29 07:18:31,2.440672e+08,12,5.2337377e+09,1
345,78.30617,-153.21217,28,34.719,291.15692,444.0,CB10,0.4488,2022-09-29 07:18:31,2.57309e+08,12,5.509811e+09,1
345,78.30617,-153.21217,28,34.8489,438.64542,443.0,CB10,0.9123,2022-09-29 07:18:31,1.1791823e+08,12,2.5240525e+09,1
345,78.30617,-153.21217,28,34.8721,603.0976,441.0,CB10,0.7515,2022-09-29 07:18:31,2.0734315e+08,12,4.4409236e+09,1
345,78.30617,-153.21217,28,34.8819,803.2659,440.0,CB10,0.3802,2022-09-29 07:18:31,1.6330477e+08,12,3.4924234e+09,1
345,78.30617,-153.21217,28,34.8886,1003.2225,439.0,CB10,0.1027,2022-09-29 07:18:31,1.4681562e+08,12,3.1432307e+09,1
345,78.30617,-153.21217,28,34.9125,1503.7498,438.0,CB10,-0.2933,2022-09-29 07:18:31,5.65703e+07,12,1.209845e+09,1
345,78.30617,-153.21217,28,34.9452,2003.2317,437.0,CB10,-0.3997,2022-09-29 07:18:31,6.491376e+06,12,1.305768e+08,1
345,78.30617,-153.21217,28,34.9554,2404.5703,436.0,CB10,-0.3731,2022-09-29 07:18:31,1.2090762e+06,12,1.6492348e+07,1
345,78.9975,-149.28984,28,26.638,6.4738913,435.0,CB11,-1.4046,2022-09-28 05:29:08,1.0827873e+07,12,2.2538286e+08,1
345,78.9975,-149.28984,28,31.1562,48.196518,430.0,CB11,0.4882,2022-09-28 05:29:08,7.500974e+06,12,1.5494866e+08,1
345,78.9975,-149.28984,28,31.8855,76.422935,429.0,CB11,-0.6234,2022-09-28 05:29:08,5.520831e+06,12,1.1308375e+08,1
345,78.9975,-149.28984,28,33.1394,179.15092,425.0,CB11,-1.4691,2022-09-28 05:29:08,1.9279308e+07,12,4.059626e+08,1
345,78.9975,-149.28984,28,34.4213,258.4547,422.0,CB11,-0.4029,2022-09-28 05:29:08,2.2059117e+08,12,4.725482e+09,1
345,78.9975,-149.28984,28,34.7217,326.40707,421.0,CB11,0.4134,2022-09-28 05:29:08,1.8000627e+08,12,3.857256e+09,1
345,78.9975,-149.28984,28,34.8584,507.774,419.0,CB11,0.8479,2022-09-28 05:29:08,9.451845e+07,12,2.0227713e+09,1
345,78.9975,-149.28984,28,34.8622,603.7674,418.0,CB11,0.6372,2022-09-28 05:29:08,1.3196316e+08,12,2.8235786e+09,1
345,78.9975,-149.28984,28,34.8733,803.7271,417.0,CB11,0.3077,2022-09-28 05:29:08,1.12336056e+08,12,2.4018237e+09,1
345,78.9975,-149.28984,28,34.8832,1003.9362,416.0,CB11,0.0545,2022-09-28 05:29:08,1.22214056e+08,12,2.6162358e+09,1
345,78.9975,-149.28984,28,34.912,1503.693,415.0,CB11,-0.2902,2022-09-28 05:29:08,3.3395686e+07,12,7.117212e+08,1
345,78.9975,-149.28984,28,34.9422,2003.6576,414.0,CB11,-0.4002,2022-09-28 05:29:08,4.2308235e+06,12,8.6901544e+07,1
345,78.9975,-149.28984,28,34.9591,3718.1765,412.0,CB11,-0.2562,2022-09-28 05:29:08,755102.8,12,2.8986128e+06,1
345,77.00633,-140.04016,28,25.8748,5.7015777,315.0,CB15,-1.3927,2022-09-24 02:01:43,1.0321822e+07,12,2.1541184e+08,1
345,77.00633,-140.04016,28,31.1531,60.844883,310.0,CB15,0.3295,2022-09-24 02:01:43,7.2557405e+06,12,1.4683205e+08,1
345,77.00633,-140.04016,28,31.8773,86.954,309.0,CB15,-0.5846,2022-09-24 02:01:43,5.1742745e+06,12,1.0548183e+08,1
345,77.00633,-140.04016,28,33.1184,202.01295,305.0,CB15,-1.4689,2022-09-24 02:01:43,1.6492287e+07,12,3.4326474e+08,1
345,77.00633,-140.04016,28,34.4319,275.96976,302.0,CB15,-0.3448,2022-09-24 02:01:43,1.8858917e+08,12,4.034966e+09,1
345,77.00633,-140.04016,28,34.721,341.9773,301.0,CB15,0.422,2022-09-24 02:01:43,1.379407e+08,12,2.9367347e+09,1
345,77.00633,-140.04016,28,34.8448,494.94208,299.0,CB15,0.823,2022-09-24 02:01:43,9.948858e+07,12,2.119874e+09,1
345,77.00633,-140.04016,28,34.859,602.13135,298.0,CB15,0.6296,2022-09-24 02:01:43,1.0217232e+08,12,2.1826836e+09,1
345,77.00633,-140.04016,28,34.8711,802.16284,297.0,CB15,0.2837,2022-09-24 02:01:43,1.0672149e+08,12,2.2805665e+09,1
345,77.00633,-140.04016,28,34.8804,1002.9203,296.0,CB15,0.0208,2022-09-24 02:01:43,8.78024e+07,12,1.8702848e+09,1
345,77.00633,-140.04016,28,34.9142,1502.8949,295.0,CB15,-0.2843,2022-09-24 02:01:43,1.5135261e+07,12,3.149132e+08,1
345,77.00633,-140.04016,28,34.9432,2002.3699,294.0,CB15,-0.4036,2022-09-24 02:01:43,1.6819791e+06,12,2.736676e+07,1
345,77.00633,-140.04016,28,34.9589,3627.2786,292.0,CB15,-0.2655,2022-09-24 02:01:43,980846.44,12,9.013043e+06,1
345,78.001,-140.01633,28,26.3704,5.758745,339.0,CB16,-1.3592,2022-09-24 23:19:08,1.1213867e+07,12,2.3398157e+08,1
345,78.001,-140.01633,28,30.6287,47.06654,334.0,CB16,0.3873,2022-09-24 23:19:08,8.73227e+06,12,1.797584e+08,1
345,78.001,-140.01633,28,31.8451,77.02014,333.0,CB16,-0.6534,2022-09-24 23:19:08,5.628049e+06,12,1.1512585e+08,1
345,78.001,-140.01633,28,33.1519,189.14714,329.0,CB16,-1.4336,2022-09-24 23:19:08,2.0018852e+07,12,4.2032858e+08,1
345,78.001,-140.01633,28,34.43,262.90808,326.0,CB16,-0.3636,2022-09-24 23:19:08,2.3779222e+08,12,5.0972856e+09,1
345,78.001,-140.01633,28,34.714,326.64902,325.0,CB16,0.377,2022-09-24 23:19:08,1.6564317e+08,12,3.5184522e+09,1
345,78.001,-140.01633,28,34.8526,486.85312,323.0,CB16,0.8105,2022-09-24 23:19:08,1.20260504e+08,12,2.57207e+09,1
345,78.001,-140.01633,28,34.8603,602.41876,322.0,CB16,0.5962,2022-09-24 23:19:08,1.0372487e+08,12,2.2193907e+09,1
345,78.001,-140.01633,28,34.8718,802.70734,321.0,CB16,0.2653,2022-09-24 23:19:08,6.623786e+07,12,1.4145902e+09,1
345,78.001,-140.01633,28,34.8822,1002.9897,320.0,CB16,0.0107,2022-09-24 23:19:08,7.456501e+07,12,1.5922966e+09,1
345,78.001,-140.01633,28,34.9116,1468.9,319.0,CB16,-0.289,2022-09-24 23:19:08,3.1295082e+07,12,6.6772826e+08,1
345,78.001,-140.01633,28,34.944,2003.128,318.0,CB16,-0.4046,2022-09-24 23:19:08,1.8533318e+06,12,3.050689e+07,1
345,78.001,-140.01633,28,34.959,3653.0896,316.0,CB16,-0.2628,2022-09-24 23:19:08,725779.8,12,359875.47,1
345,75.988335,-140.00717,28,25.7945,5.7384343,243.0,CB17,-1.3624,2022-09-22 02:02:41,1.0171014e+07,12,2.1145384e+08,1
345,75.988335,-140.00717,28,30.3419,41.95641,240.0,CB17,0.8756,2022-09-22 02:02:41,9.270096e+06,12,1.9385078e+08,1
345,75.988335,-140.00717,28,31.7998,84.07334,237.0,CB17,-0.4644,2022-09-22 02:02:41,5.6901925e+06,12,1.1345559e+08,1
345,75.988335,-140.00717,28,33.169,208.2852,233.0,CB17,-1.4235,2022-09-22 02:02:41,1.692581e+07,12,3.508452e+08,1
345,75.988335,-140.00717,28,34.4246,284.0444,230.0,CB17,-0.365,2022-09-22 02:02:41,2.0662582e+08,12,4.4262246e+09,1
345,75.988335,-140.00717,28,34.7094,347.03714,229.0,CB17,0.375,2022-09-22 02:02:41,1.3917072e+08,12,2.9812086e+09,1
345,75.988335,-140.00717,28,34.8492,508.33908,227.0,CB17,0.8199,2022-09-22 02:02:41,1.2037209e+08,12,2.5702387e+09,1
345,75.988335,-140.00717,28,34.8571,602.6238,226.0,CB17,0.6428,2022-09-22 02:02:41,7.254002e+07,12,1.5508228e+09,1
345,75.988335,-140.00717,28,34.8682,802.84674,225.0,CB17,0.2675,2022-09-22 02:02:41,6.5356336e+07,12,1.3943181e+09,1
345,75.988335,-140.00717,28,34.8795,1002.9159,224.0,CB17,0.0176,2022-09-22 02:02:41,8.1099816e+07,12,1.7331754e+09,1
345,75.988335,-140.00717,28,34.9151,1502.8687,223.0,CB17,-0.2919,2022-09-22 02:02:41,9.884192e+06,12,2.0788373e+08,1
345,75.988335,-140.00717,28,34.9431,2002.6338,222.0,CB17,-0.4034,2022-09-22 02:02:41,1.6186065e+06,12,2.9009006e+07,1
345,75.988335,-140.00717,28,34.959,3586.6294,220.0,CB17,-0.2694,2022-09-22 02:02:41,734575.6,12,2.1012655e+06,1
345,75.01683,-140.07683,28,25.1384,5.8336844,219.0,CB18,-1.3398,2022-09-21 16:12:10,9.65809e+06,12,1.9961186e+08,1
345,75.01683,-140.07683,28,30.863,57.975155,216.0,CB18,0.6449,2022-09-21 16:12:10,7.384074e+06,12,1.5193638e+08,1
345,75.01683,-140.07683,28,31.8302,100.38636,214.0,CB18,-0.5203,2022-09-21 16:12:10,5.398264e+06,12,1.077458e+08,1
345,75.01683,-140.07683,28,33.1514,212.3475,210.0,CB18,-1.4263,2022-09-21 16:12:10,1.6472548e+07,12,3.3476224e+08,1
345,75.01683,-140.07683,28,34.4436,292.35483,207.0,CB18,-0.2553,2022-09-21 16:12:10,1.2916875e+08,12,2.7482327e+09,1
345,75.01683,-140.07683,28,34.7155,355.83777,206.0,CB18,0.4168,2022-09-21 16:12:10,1.0321018e+08,12,2.1891336e+09,1
345,75.01683,-140.07683,28,34.8406,502.7906,204.0,CB18,0.7941,2022-09-21 16:12:10,9.093881e+07,12,1.9221521e+09,1
345,75.01683,-140.07683,28,34.8564,602.33527,203.0,CB18,0.6448,2022-09-21 16:12:10,7.982547e+07,12,1.6870346e+09,1
345,75.01683,-140.07683,28,34.8682,803.2089,202.0,CB18,0.2788,2022-09-21 16:12:10,7.936543e+07,12,1.6773018e+09,1
345,75.01683,-140.07683,28,34.8793,1002.6651,201.0,CB18,0.023,2022-09-21 16:12:10,5.5410652e+07,12,1.1704959e+09,1
345,75.01683,-140.07683,28,34.9145,1502.7395,200.0,CB18,-0.2918,2022-09-21 16:12:10,1.141262e+07,12,2.3842882e+08,1
345,75.01683,-140.07683,28,34.9436,2002.2642,199.0,CB18,-0.4043,2022-09-21 16:12:10,1.7828375e+06,12,2.9721912e+07,1
345,75.01683,-140.07683,28,34.959,3524.237,196.0,CB18,-0.2756,2022-09-21 16:12:10,742793.5,12,1.9069348e+06,1
345,73.00066,-150.0015,28,25.6193,4.179505,836.0,CB2,0.1557,2022-10-05 15:22:55,6.861576e+06,12,1.4344683e+08,1
345,73.00066,-150.0015,28,25.6194,9.313953,831.0,CB2,0.1689,2022-10-05 15:22:55,5.9433865e+06,12,1.2366686e+08,1
345,73.00066,-150.0015,28,31.8644,85.45647,830.0,CB2,-0.5445,2022-10-05 15:22:55,3.9145705e+06,12,7.9709064e+07,1
345,73.00066,-150.0015,28,33.1154,199.65855,826.0,CB2,-1.3376,2022-10-05 15:22:55,1.2484483e+07,12,2.641596e+08,1
345,73.00066,-150.0015,28,34.4686,284.78552,823.0,CB2,-0.1532,2022-10-05 15:22:55,9.002714e+07,12,1.9277014e+09,1
345,73.00066,-150.0015,28,34.7116,353.86823,822.0,CB2,0.4177,2022-10-05 15:22:55,9.594018e+07,12,2.0518344e+09,1
345,73.00066,-150.0015,28,34.8458,512.545,820.0,CB2,0.8361,2022-10-05 15:22:55,9.424955e+07,12,2.0154811e+09,1
345,73.00066,-150.0015,28,34.858,603.0549,819.0,CB2,0.7005,2022-10-05 15:22:55,9.138169e+07,12,1.9516306e+09,1
345,73.00066,-150.0015,28,34.8716,802.8022,818.0,CB2,0.351,2022-10-05 15:22:55,8.89819e+07,12,1.9033051e+09,1
345,73.00066,-150.0015,28,34.8808,1002.89307,817.0,CB2,0.1023,2022-10-05 15:22:55,9.1011544e+07,12,1.9470412e+09,1
345,73.00066,-150.0015,28,34.91,1502.6187,816.0,CB2,-0.2747,2022-10-05 15:22:55,4.3249052e+07,12,9.2436774e+08,1
345,73.00066,-150.0015,28,34.9592,3649.7542,813.0,CB2,-0.2624,2022-10-05 15:22:55,995435.9,12,1.0626287e+07,1
345,73.97117,-139.80766,28,25.6407,5.3886395,929.0,CB21,-1.3859,2022-10-08 11:12:36,8.3840295e+06,12,1.7421136e+08,1
345,73.97117,-139.80766,28,30.998,64.70968,922.0,CB21,0.5305,2022-10-08 11:12:36,6.65484e+06,12,1.3722254e+08,1
345,73.97117,-139.80766,28,31.8375,92.49165,921.0,CB21,-0.5247,2022-10-08 11:12:36,4.1910415e+06,12,8.519673e+07,1
345,73.97117,-139.80766,28,33.1157,213.49797,913.0,CB21,-1.4289,2022-10-08 11:12:36,1.2992278e+07,12,2.6647622e+08,1
345,73.97117,-139.80766,28,34.4535,292.72516,910.0,CB21,-0.2191,2022-10-08 11:12:36,1.15519096e+08,12,2.4705152e+09,1
345,73.984665,-139.90567,28,34.7246,359.03638,908.0,CB21,0.4455,2022-10-08 07:24:16,7.739958e+07,12,1.6407246e+09,1
345,73.984665,-139.90567,28,34.8344,474.4461,903.0,CB21,0.7637,2022-10-08 07:24:16,6.518194e+07,12,1.3782228e+09,1
345,73.984665,-139.90567,28,34.8533,602.95496,902.0,CB21,0.6014,2022-10-08 07:24:16,4.8364052e+07,12,1.0198431e+09,1
345,73.984665,-139.90567,28,34.8672,801.7667,901.0,CB21,0.2771,2022-10-08 07:24:16,4.6003876e+07,12,9.805279e+08,1
345,73.984665,-139.90567,28,34.8796,1000.89923,896.0,CB21,0.0257,2022-10-08 07:24:16,3.691982e+07,12,7.8336026e+08,1
345,73.984665,-139.90567,28,34.9149,1500.472,895.0,CB21,-0.293,2022-10-08 07:24:16,9.598269e+06,12,2.002415e+08,1
345,73.984665,-139.90567,28,34.9433,2001.0637,892.0,CB21,-0.4036,2022-10-08 07:24:16,1.8341562e+06,12,3.3474074e+07,1
345,73.984665,-139.90567,28,34.9553,2502.5005,891.0,CB21,-0.3773,2022-10-08 07:24:16,905437.6,12,6.0836235e+06,1
345,73.984665,-139.90567,28,34.9592,3391.3982,887.0,CB21,-0.2881,2022-10-08 07:24:16,778729.9,12,4.351082e+06,1
345,73.00933,-139.91484,28,24.7561,5.7164855,980.0,CB27,-1.3463,2022-10-10 08:17:35,6.9209895e+06,12,1.4405629e+08,1
345,73.00933,-139.91484,28,31.2706,65.16002,975.0,CB27,0.2058,2022-10-10 08:17:35,5.1208825e+06,12,1.0520017e+08,1
345,73.00933,-139.91484,28,31.867,90.35437,974.0,CB27,-0.5499,2022-10-10 08:17:35,3.675834e+06,12,7.2940136e+07,1
345,73.00933,-139.91484,28,33.1614,215.3868,970.0,CB27,-1.4211,2022-10-10 08:17:35,1.1976353e+07,12,2.5397957e+08,1
345,73.00933,-139.91484,28,34.4421,307.01672,967.0,CB27,-0.2268,2022-10-10 08:17:35,1.0140284e+08,12,2.1720453e+09,1
345,73.00933,-139.91484,28,34.7194,390.8268,966.0,CB27,0.4165,2022-10-10 08:17:35,6.5368028e+07,12,1.3968773e+09,1
345,73.00933,-139.91484,28,34.82,460.9413,964.0,CB27,0.6168,2022-10-10 08:17:35,4.3572524e+07,12,9.299412e+08,1
345,73.00933,-139.91484,28,34.8619,602.94904,963.0,CB27,0.3433,2022-10-10 08:17:35,3.3568292e+07,12,7.148258e+08,1
345,73.00933,-139.91484,28,34.8739,802.722,962.0,CB27,0.1098,2022-10-10 08:17:35,2.8034516e+07,12,5.8676346e+08,1
345,73.00933,-139.91484,28,34.9169,1502.953,960.0,CB27,-0.3236,2022-10-10 08:17:35,1.4171747e+07,12,2.9980298e+08,1
345,73.00933,-139.91484,28,34.9445,2002.2766,959.0,CB27,-0.4046,2022-10-10 08:17:35,1.9854785e+06,12,3.3383414e+07,1
345,73.00933,-139.91484,28,34.959,3198.6462,957.0,CB27,-0.3048,2022-10-10 08:17:35,749973.6,12,1.9412351e+06,1
345,71.01033,-139.98933,28,31.506,60.68064,1022.0,CB28b,-0.5917,2022-10-10 22:10:52,6.5251125e+06,12,1.3498362e+08,1
345,71.01033,-139.98933,28,31.9147,73.45103,1021.0,CB28b,-0.899,2022-10-10 22:10:52,4.817757e+06,12,9.926474e+07,1
345,71.01033,-139.98933,28,33.1826,170.79872,1016.0,CB28b,-1.2913,2022-10-10 22:10:52,1.6080934e+07,12,3.4135123e+08,1
345,71.01033,-139.98933,28,34.4245,246.70149,1013.0,CB28b,-0.2297,2022-10-10 22:10:52,9.684083e+07,12,2.073736e+09,1
345,71.01033,-139.98933,28,34.7111,316.84518,1012.0,CB28b,0.4187,2022-10-10 22:10:52,8.620128e+07,12,1.8456804e+09,1
345,71.01033,-139.98933,28,34.8314,469.68198,1010.0,CB28b,0.731,2022-10-10 22:10:52,7.5124856e+07,12,1.6049373e+09,1
345,71.01033,-139.98933,28,34.8532,602.22986,1009.0,CB28b,0.5992,2022-10-10 22:10:52,6.661109e+07,12,1.4189133e+09,1
345,71.01033,-139.98933,28,34.8672,802.7608,1008.0,CB28b,0.2986,2022-10-10 22:10:52,5.9021692e+07,12,1.2549942e+09,1
345,71.01033,-139.98933,28,34.8779,1002.1307,1007.0,CB28b,0.0679,2022-10-10 22:10:52,5.8749344e+07,12,1.253945e+09,1
345,71.01033,-139.98933,28,34.9114,1502.3615,1006.0,CB28b,-0.2836,2022-10-10 22:10:52,2.705653e+07,12,5.764986e+08,1
345,71.01033,-139.98933,28,34.9509,2076.547,1005.0,CB28b,-0.3883,2022-10-10 22:10:52,2.6974762e+06,12,5.290462e+07,1
345,75.005165,-150.0805,28,25.3609,6.1048326,648.0,CB4,-1.0969,2022-10-03 04:43:09,6.5966585e+06,12,1.3695405e+08,1
345,75.005165,-150.0805,28,31.3103,65.325775,641.0,CB4,0.2279,2022-10-03 04:43:09,5.7994835e+06,12,1.203948e+08,1
345,75.005165,-150.0805,28,34.4269,280.95178,629.0,CB4,-0.2461,2022-10-03 04:43:09,9.585444e+07,12,2.0531406e+09,1
345,75.005165,-150.0805,28,34.71,349.4867,603.0,CB4,0.4112,2022-10-02 03:41:37,7.056792e+07,12,1.5084134e+09,1
345,75.005165,-150.0805,28,34.8324,484.35825,598.0,CB4,0.7709,2022-10-02 03:41:37,8.0398376e+07,12,1.7197285e+09,1
345,75.005165,-150.0805,28,34.8555,603.0529,597.0,CB4,0.6784,2022-10-02 03:41:37,8.046568e+07,12,1.7193161e+09,1
345,75.005165,-150.0805,28,34.868,802.94714,596.0,CB4,0.3518,2022-10-02 03:41:37,7.5935864e+07,12,1.6220815e+09,1
345,75.005165,-150.0805,28,34.8775,1001.3184,592.0,CB4,0.091,2022-10-02 03:41:37,6.9872216e+07,12,1.4914751e+09,1
345,75.005165,-150.0805,28,34.9083,1501.3364,591.0,CB4,-0.2663,2022-10-02 03:41:37,4.3392824e+07,12,9.270014e+08,1
345,75.005165,-150.0805,28,34.9402,2001.4674,588.0,CB4,-0.3944,2022-10-02 03:41:37,5.0990375e+06,12,1.039582e+08,1
345,75.005165,-150.0805,28,34.959,3718.407,582.0,CB4,-0.2558,2022-10-02 03:41:37,829717.2,12,5.9610565e+06,1
345,75.2995,-153.3045,28,25.5449,5.9177227,627.0,CB5,-1.3633,2022-10-02 13:17:47,8.2057805e+06,12,1.6949138e+08,1
345,75.2995,-153.3045,28,31.2146,62.612278,624.0,CB5,0.3149,2022-10-02 13:17:47,5.924116e+06,12,1.2127294e+08,1
345,75.2995,-153.3045,28,31.8141,85.350975,623.0,CB5,-0.5139,2022-10-02 13:17:47,4.582332e+06,12,9.029542e+07,1
345,75.2995,-153.3045,28,33.1514,199.45436,619.0,CB5,-1.4902,2022-10-02 13:17:47,1.4972965e+07,12,3.140788e+08,1
345,75.2995,-153.3045,28,34.447,276.67288,616.0,CB5,-0.2313,2022-10-02 13:17:47,7.331763e+07,12,1.5693373e+09,1
345,75.2995,-153.3045,28,34.7125,339.35367,614.0,CB5,0.4111,2022-10-02 13:17:47,1.0337273e+08,12,2.2075948e+09,1
345,75.2995,-153.3045,28,34.837,468.54898,612.0,CB5,0.7787,2022-10-02 13:17:47,7.820351e+07,12,1.6541384e+09,1
345,75.2995,-153.3045,28,34.8577,603.46515,611.0,CB5,0.5909,2022-10-02 13:17:47,7.432413e+07,12,1.5679113e+09,1
345,75.2995,-153.3045,28,34.8703,803.9605,610.0,CB5,0.2486,2022-10-02 13:17:47,7.647237e+07,12,1.6333876e+09,1
345,75.2995,-153.3045,28,34.8816,1003.7088,609.0,CB5,0.0063,2022-10-02 13:17:47,6.6244924e+07,12,1.4123031e+09,1
345,75.2995,-153.3045,28,34.9027,1503.013,608.0,CB5,-0.1999,2022-10-02 13:17:47,1.8559432e+07,12,3.920456e+08,1
345,75.2995,-153.3045,28,34.9322,2003.2987,607.0,CB5,-0.3717,2022-10-02 13:17:47,1.0512893e+07,12,2.220836e+08,1
345,75.2995,-153.3045,28,34.9589,3743.9978,604.0,CB5,-0.2532,2022-10-02 13:17:47,960936.56,12,7.615069e+06,1
345,73.499664,-130.90334,28,27.1105,6.570415,167.0,CB51,-1.2456,2022-09-20 11:29:12,1.1152615e+07,12,2.3372856e+08,1
345,73.499664,-130.90334,28,31.0359,52.150738,164.0,CB51,0.2594,2022-09-20 11:29:12,6.9386535e+06,12,1.4272149e+08,1
345,73.499664,-130.90334,28,31.9551,82.17186,163.0,CB51,-0.668,2022-09-20 11:29:12,5.285288e+06,12,1.0532649e+08,1
345,73.499664,-130.90334,28,33.1783,175.94856,159.0,CB51,-1.3542,2022-09-20 11:29:12,2.263368e+07,12,4.7718294e+08,1
345,73.499664,-130.90334,28,34.4369,245.8392,156.0,CB51,-0.1954,2022-09-20 11:29:12,1.3040745e+08,12,2.794482e+09,1
345,73.499664,-130.90334,28,34.7121,307.1464,155.0,CB51,0.3856,2022-09-20 11:29:12,7.749887e+07,12,1.659882e+09,1
345,73.499664,-130.90334,28,34.8335,443.1172,152.0,CB51,0.7195,2022-09-20 11:29:12,5.7510436e+07,12,1.2281476e+09,1
345,73.499664,-130.90334,28,34.855,602.62604,150.0,CB51,0.4918,2022-09-20 11:29:12,5.0806156e+07,12,1.0810045e+09,1
345,73.499664,-130.90334,28,34.8693,802.69305,149.0,CB51,0.2119,2022-09-20 11:29:12,3.8486708e+07,12,8.205724e+08,1
345,73.499664,-130.90334,28,34.8811,1003.0379,148.0,CB51,-0.0115,2022-09-20 11:29:12,2.7608372e+07,12,5.8739206e+08,1
345,73.499664,-130.90334,28,34.9144,1503.0962,147.0,CB51,-0.3096,2022-09-20 11:29:12,2.322205e+07,12,4.8926314e+08,1
345,73.499664,-130.90334,28,34.9459,2002.0668,146.0,CB51,-0.3983,2022-09-20 11:29:12,4.4349655e+06,12,9.072982e+07,1
345,73.499664,-130.90334,28,34.9578,2484.6677,145.0,CB51,-0.3619,2022-09-20 11:29:12,934716.06,12,2.915878e+06,1
345,77.00433,-149.91417,28,25.9817,6.6287374,555.0,CB8,-1.3878,2022-10-01 01:40:14,7.84501e+06,12,1.6414285e+08,1
345,77.00433,-149.91417,28,31.3353,62.1477,550.0,CB8,0.2078,2022-10-01 01:40:14,5.4918695e+06,12,1.1416275e+08,1
345,77.00433,-149.91417,28,31.86,84.043045,549.0,CB8,-0.558,2022-10-01 01:40:14,4.223586e+06,12,8.6358296e+07,1
345,77.00433,-149.91417,28,33.129,195.96593,545.0,CB8,-1.4812,2022-10-01 01:40:14,1.1132776e+07,12,2.3497037e+08,1
345,77.00433,-149.91417,28,34.4341,279.1527,542.0,CB8,-0.3251,2022-10-01 01:40:14,1.2581334e+08,12,2.6927462e+09,1
345,77.00433,-149.91417,28,34.713,345.8922,541.0,CB8,0.3942,2022-10-01 01:40:14,1.0526228e+08,12,2.2547835e+09,1
345,77.00433,-149.91417,28,34.8383,466.4503,539.0,CB8,0.8288,2022-10-01 01:40:14,9.413403e+07,12,2.0087066e+09,1
345,77.00433,-149.91417,28,34.8634,603.82446,538.0,CB8,0.7359,2022-10-01 01:40:14,9.9653256e+07,12,2.1310296e+09,1
345,77.00433,-149.91417,28,34.8757,803.64734,537.0,CB8,0.4043,2022-10-01 01:40:14,1.16036344e+08,12,2.4830305e+09,1
345,77.00433,-149.91417,28,34.8802,1003.1853,536.0,CB8,0.0821,2022-10-01 01:40:14,7.817561e+07,12,1.6693914e+09,1
345,77.00433,-149.91417,28,34.9088,1502.6356,535.0,CB8,-0.2748,2022-10-01 01:40:14,3.2355896e+07,12,6.906698e+08,1
345,77.00433,-149.91417,28,34.9413,2002.9541,534.0,CB8,-0.3974,2022-10-01 01:40:14,3.684716e+06,12,7.413283e+07,1
345,77.00433,-149.91417,28,34.959,3726.8257,532.0,CB8,-0.2551,2022-10-01 01:40:14,725347.9,12,1.342132e+06,1
345,78.00467,-149.946,28,26.3271,6.3731985,480.0,CB9,-1.4008,2022-09-29 13:35:04,6.67049e+06,12,1.3758901e+08,1
345,78.00467,-149.946,28,31.3308,53.332413,473.0,CB9,0.2213,2022-09-29 13:35:04,5.3839405e+06,12,1.1061786e+08,1
345,78.00467,-149.946,28,31.8338,73.02308,472.0,CB9,-0.504,2022-09-29 13:35:04,4.376623e+06,12,8.905579e+07,1
345,78.00467,-149.946,28,33.111,173.61012,464.0,CB9,-1.5079,2022-09-29 13:35:04,1.0337558e+07,12,2.1789771e+08,1
345,78.00467,-149.946,28,34.8486,470.37003,503.0,CB9,0.9056,2022-09-30 00:43:15,1.2675965e+08,12,2.7129646e+09,1
345,78.00467,-149.946,28,34.8583,602.4412,501.0,CB9,0.6622,2022-09-30 00:43:15,7.933763e+07,12,1.6968069e+09,1
345,78.00467,-149.946,28,34.8808,803.30725,500.0,CB9,0.4161,2022-09-30 00:43:15,1.3768936e+08,12,2.9210358e+09,1
345,78.00467,-149.946,28,34.8873,1001.76337,496.0,CB9,0.1473,2022-09-30 00:43:15,1.2609494e+08,12,2.698224e+09,1
345,78.00467,-149.946,28,34.9095,1501.945,495.0,CB9,-0.2667,2022-09-30 00:43:15,4.3650436e+07,12,9.301793e+08,1
345,78.00467,-149.946,28,34.942,2001.6083,492.0,CB9,-0.3981,2022-09-30 00:43:15,4.2681605e+06,12,8.439e+07,1
345,78.00467,-149.946,28,34.959,3715.2405,486.0,CB9,-0.2558,2022-09-30 00:43:15,843798.56,12,6.9140385e+06,1
345,78.00467,-149.946,28,34.4185,252.26862,461.0,CB9,-0.7423,2022-09-29 13:35:04,2.1203656e+07,12,4.5000698e+08,1
345,78.00467,-149.946,28,34.7134,317.85934,460.0,CB9,0.407,2022-09-29 13:35:04,1.2470517e+08,12,2.670219e+09,1
345,79.6915,-139.75233,28,27.0706,6.0275207,410.0,NE1,-1.4618,2022-09-27 04:20:57,8.916917e+06,12,1.835135e+08,1
345,79.6915,-139.75233,28,28.9616,27.107601,408.0,NE1,-1.1792,2022-09-27 04:20:57,9.77389e+06,12,2.0496275e+08,1
345,79.6915,-139.75233,28,31.8611,80.20724,406.0,NE1,-0.6566,2022-09-27 04:20:57,5.9854025e+06,12,1.2097324e+08,1
345,79.6915,-139.75233,28,33.1493,176.99265,402.0,NE1,-1.4492,2022-09-27 04:20:57,2.7985672e+07,12,5.887236e+08,1
345,79.6915,-139.75233,28,34.4341,249.77525,399.0,NE1,-0.4599,2022-09-27 04:20:57,2.5578573e+08,12,5.483317e+09,1
345,79.6915,-139.75233,28,34.7211,316.74002,397.0,NE1,0.3967,2022-09-27 04:20:57,1.8386669e+08,12,3.9406008e+09,1
345,79.6915,-139.75233,28,34.857,488.68375,369.0,NE1,0.8438,2022-09-27 02:23:02,1.4917955e+08,12,3.1931246e+09,1
345,79.6915,-139.75233,28,34.8631,602.7942,368.0,NE1,0.5881,2022-09-27 02:23:02,1.1021046e+08,12,2.357926e+09,1
345,79.6915,-139.75233,28,34.872,803.0054,367.0,NE1,0.2444,2022-09-27 02:23:02,9.716938e+07,12,2.0792443e+09,1
345,79.6915,-139.75233,28,34.8835,1001.66266,366.0,NE1,0.0159,2022-09-27 02:23:02,9.241408e+07,12,1.9769247e+09,1
345,79.6915,-139.75233,28,34.9438,2002.0999,393.0,NE1,-0.4041,2022-09-27 04:20:57,1.7049698e+06,12,2.8701208e+07,1
345,79.6915,-139.75233,28,34.959,3660.7048,391.0,NE1,-0.262,2022-09-27 04:20:57,1.0102237e+06,12,1.2475878e+07,1
345,72.59967,-144.68266,28,24.8759,4.712056,884.0,Stn A,0.4311,2022-10-07 17:13:40,8.0803445e+06,12,1.6791643e+08,1
345,72.59967,-144.68266,28,30.2167,41.41506,881.0,Stn A,0.4746,2022-10-07 17:13:40,8.256913e+06,12,1.7276e+08,1
345,72.59967,-144.68266,28,31.2517,60.22417,879.0,Stn A,0.2218,2022-10-07 17:13:40,5.9717925e+06,12,1.2144964e+08,1
345,72.59967,-144.68266,28,29.4583,84.01088,878.0,Stn A,-0.3146,2022-10-07 17:13:40,4.20033e+06,12,8.425494e+07,1
345,72.59967,-144.68266,28,32.3341,120.89943,877.0,Stn A,-1.2253,2022-10-07 17:13:40,4.9956765e+06,12,1.0048861e+08,1
345,72.59967,-144.68266,28,32.6171,151.64568,876.0,Stn A,-1.3464,2022-10-07 17:13:40,6.733118e+06,12,1.3934578e+08,1
345,72.59967,-144.68266,28,32.9366,182.98557,875.0,Stn A,-1.4302,2022-10-07 17:13:40,1.0549165e+07,12,2.2091466e+08,1
345,72.59967,-144.68266,28,33.1058,194.95715,874.0,Stn A,-1.3997,2022-10-07 17:13:40,1.3028422e+07,12,2.7307402e+08,1
345,72.59967,-144.68266,28,33.6471,219.50925,873.0,Stn A,-1.1367,2022-10-07 17:13:40,3.3549316e+07,12,7.1111155e+08,1
345,72.59967,-144.68266,28,34.1582,248.6531,872.0,Stn A,-0.6755,2022-10-07 17:13:40,9.267998e+07,12,1.9810328e+09,1
345,72.59967,-144.68266,28,34.4281,272.30426,871.0,Stn A,-0.2421,2022-10-07 17:13:40,1.048089e+08,12,2.2379576e+09,1
345,72.59967,-144.68266,28,34.7216,345.6502,870.0,Stn A,0.4411,2022-10-07 17:13:40,9.134879e+07,12,1.9521565e+09,1
345,72.59967,-144.68266,28,34.7894,396.7394,869.0,Stn A,0.6398,2022-10-07 17:13:40,8.16568e+07,12,1.7293964e+09,1
345,72.59967,-144.68266,28,34.832,471.8638,868.0,Stn A,0.7401,2022-10-07 17:13:40,7.324892e+07,12,1.5510365e+09,1
345,72.59967,-144.68266,28,34.8541,602.90076,867.0,Stn A,0.61,2022-10-07 17:13:40,6.5570044e+07,12,1.3851844e+09,1
345,72.59967,-144.68266,28,34.8675,802.51733,866.0,Stn A,0.3049,2022-10-07 17:13:40,6.6516076e+07,12,1.4190666e+09,1
345,72.59967,-144.68266,28,34.878,1003.1977,865.0,Stn A,0.0463,2022-10-07 17:13:40,5.6499684e+07,12,1.2057745e+09,1
345,72.59967,-144.68266,28,34.9116,1502.6344,864.0,Stn A,-0.292,2022-10-07 17:13:40,2.4045446e+07,12,5.089168e+08,1
345,72.59967,-144.68266,28,34.9431,2002.7428,863.0,Stn A,-0.4021,2022-10-07 17:13:40,2.5194198e+06,12,4.963835e+07,1
345,72.59967,-144.68266,28,34.9536,2392.6992,862.0,Stn A,-0.3842,2022-10-07 17:13:40,876403.06,12,6.961174e+06,1
345,72.59967,-144.68266,28,34.959,3333.0073,861.0,Stn A,-0.2931,2022-10-07 17:13:40,783093.7,12,4.494911e+06,1
345,78.303,-153.24283,28,34.94895,2273.4536,549.0,CB10,-0.37985,2023-09-28 06:29:38,3.0136785e+06,12,5.1993772e+07,1
345,78.303,-153.24283,28,34.9393,2003.3643,550.0,CB10,-0.3932,2023-09-28 06:29:38,9.93832e+06,12,2.0226349e+08,1
345,78.303,-153.24283,28,34.90455,1502.8707,551.0,CB10,-0.2497,2023-09-28 06:29:38,8.630151e+07,12,1.842134e+09,1
345,78.303,-153.24283,28,34.8828,1003.1813,552.0,CB10,0.1648,2023-09-28 06:29:38,1.2986079e+08,12,2.7814525e+09,1
345,78.303,-153.24283,28,34.87485,802.786,553.0,CB10,0.42625,2023-09-28 06:29:38,1.5522186e+08,12,3.32536e+09,1
345,78.303,-153.24283,28,34.86575,603.0,554.0,CB10,0.8084,2023-09-28 06:29:38,1.7354336e+08,12,3.718289e+09,1
345,78.303,-153.24283,28,34.731,297.938,558.0,CB10,0.5571,2023-09-28 06:29:38,1.9562358e+08,12,4.18701e+09,1
345,78.303,-153.24283,28,34.40815,237.72804,559.0,CB10,-0.53125,2023-09-28 06:29:38,2.1119533e+08,12,4.5133317e+09,1
345,78.303,-153.24283,28,33.71775,192.14429,561.0,CB10,-1.03335,2023-09-28 06:29:38,1.2528958e+08,12,2.6834179e+09,1
345,78.303,-153.24283,28,33.1233,162.86142,562.0,CB10,-1.2955,2023-09-28 06:29:38,1.4721453e+07,12,3.0674045e+08,1
345,78.303,-153.24283,28,31.038,37.413677,568.0,CB10,-0.6828,2023-09-28 06:29:38,1.0167971e+07,12,1.6831416e+08,1
345,78.303,-153.24283,28,26.4881,5.693377,572.0,CB10,-1.43045,2023-09-28 06:29:38,8.977776e+06,12,1.82029e+08,1
345,75.29867,-153.29933,28,34.95525,3743.3154,645.0,CB5,-0.25285,2023-09-30 04:34:14,1.4523805e+06,12,4.1479735e+06,1
345,75.29867,-153.29933,28,34.9365,2002.9156,648.0,CB5,-0.3957,2023-09-30 04:34:14,5.0259115e+06,12,9.759399e+07,1
345,75.29867,-153.29933,28,34.90395,1503.7675,649.0,CB5,-0.26925,2023-09-30 04:34:14,4.2490236e+07,12,8.9510464e+08,1
345,75.29867,-153.29933,28,34.87685,1004.08307,650.0,CB5,0.1231,2023-09-30 04:34:14,9.967013e+07,12,2.1339492e+09,1
345,75.29867,-153.29933,28,34.8671,803.5554,651.0,CB5,0.4028,2023-09-30 04:34:14,9.6858904e+07,12,2.0736549e+09,1
345,75.29867,-153.29933,28,34.85305,603.02606,652.0,CB5,0.72665,2023-09-30 04:34:14,1.01331624e+08,12,2.1695844e+09,1
345,75.29867,-153.29933,28,34.84055,527.845,653.0,CB5,0.81795,2023-09-30 04:34:14,1.1483975e+08,12,2.4592975e+09,1
345,75.29867,-153.29933,28,34.71625,366.94553,655.0,CB5,0.4342,2023-09-30 04:34:14,1.0897192e+08,12,2.3270275e+09,1
345,75.29867,-153.29933,28,34.37825,295.2484,657.0,CB5,-0.33825,2023-09-30 04:34:14,1.0885728e+08,12,2.3309914e+09,1
345,75.29867,-153.29933,28,34.14995,273.08646,658.0,CB5,-0.6788,2023-09-30 04:34:14,9.580567e+07,12,2.0487094e+09,1
345,75.29867,-153.29933,28,33.71095,246.07799,659.0,CB5,-1.0853,2023-09-30 04:34:14,5.965953e+07,12,1.2742966e+09,1
345,75.29867,-153.29933,28,33.1127,215.1078,660.0,CB5,-1.3808,2023-09-30 04:34:14,1.3713282e+07,12,2.878626e+08,1
345,75.29867,-153.29933,28,31.8217,92.81524,664.0,CB5,-0.4844,2023-09-30 04:34:14,4.923159e+06,12,9.260195e+07,1
345,75.29867,-153.29933,28,31.21685,68.13841,665.0,CB5,0.3806,2023-09-30 04:34:14,7.0490225e+06,12,1.417502e+08,1
345,75.29867,-153.29933,28,25.1367,5.672309,668.0,CB5,1.12545,2023-09-30 04:34:14,8.524334e+06,12,1.7467336e+08,1
345,71.51984,-151.57584,28,34.88585,1195.625,882.0,BL4,-0.01905,2023-10-04 10:45:44,9.4860424e+07,12,2.0100637e+09,1
345,71.51984,-151.57584,28,34.86635,803.0809,883.0,BL4,0.5188,2023-10-04 10:45:44,1.1867872e+08,12,2.534638e+09,1
345,71.51984,-151.57584,28,34.8604,602.96857,884.0,BL4,0.69385,2023-10-04 10:45:44,1.3444976e+08,12,2.8765617e+09,1
345,71.51984,-151.57584,28,34.83805,393.65674,885.0,BL4,0.8549,2023-10-04 10:45:44,1.2120663e+08,12,2.5887053e+09,1
345,71.51984,-151.57584,28,34.84425,403.66476,886.0,BL4,0.85535,2023-10-04 10:45:44,1.2607144e+08,12,2.700183e+09,1
345,71.51984,-151.57584,28,34.7084,275.68985,889.0,BL4,0.41615,2023-10-04 10:45:44,1.3830192e+08,12,2.9543368e+09,1
345,71.51984,-151.57584,28,34.41445,201.75786,891.0,BL4,-0.19835,2023-10-04 10:45:44,1.2099604e+08,12,2.5883543e+09,1
345,71.51984,-151.57584,28,34.1751,179.76549,892.0,BL4,-0.62745,2023-10-04 10:45:44,1.10237816e+08,12,2.3578872e+09,1
345,71.51984,-151.57584,28,33.8419,166.90224,893.0,BL4,-0.90175,2023-10-04 10:45:44,8.564502e+07,12,1.8280952e+09,1
345,71.51984,-151.57584,28,33.32185,160.90694,894.0,BL4,-1.2832,2023-10-04 10:45:44,3.0606382e+07,12,6.456959e+08,1
345,71.51984,-151.57584,28,32.3312,120.80164,897.0,BL4,-1.1974,2023-10-04 10:45:44,6.821978e+06,12,1.20740504e+08,1
345,71.51984,-151.57584,28,30.4409,29.635103,900.0,BL4,4.84325,2023-10-04 10:45:44,3.4806292e+06,12,6.018508e+07,1
345,71.51984,-151.57584,28,29.9344,5.869365,902.0,BL4,4.5986,2023-10-04 10:45:44,2.8380452e+06,12,4.59685e+07,1
345,72.597664,-144.719,28,34.95465,3325.9404,940.0,Stn A,-0.29325,2023-10-05 03:56:42,1.4959351e+06,12,5.8019095e+06,1
345,72.597664,-144.719,28,34.93895,2003.7233,942.0,Stn A,-0.40285,2023-10-05 03:56:42,3.1386495e+06,12,5.3450388e+07,1
345,72.597664,-144.719,28,34.90755,1503.627,943.0,Stn A,-0.29785,2023-10-05 03:56:42,2.9749612e+07,12,6.309232e+08,1
345,72.597664,-144.719,28,34.8756,1003.1476,944.0,Stn A,0.0615,2023-10-05 03:56:42,7.062003e+07,12,1.5108689e+09,1
345,72.597664,-144.719,28,34.8658,803.81384,945.0,Stn A,0.31015,2023-10-05 03:56:42,8.292505e+07,12,1.772759e+09,1
345,72.597664,-144.719,28,34.85285,603.66656,946.0,Stn A,0.6133,2023-10-05 03:56:42,9.215988e+07,12,1.9706028e+09,1
345,72.597664,-144.719,28,34.8287,461.80344,947.0,Stn A,0.76385,2023-10-05 03:56:42,9.116937e+07,12,1.9462541e+09,1
345,72.597664,-144.719,28,34.42295,272.09967,950.0,Stn A,-0.2407,2023-10-05 03:56:42,1.1536133e+08,12,2.4704847e+09,1
345,72.597664,-144.719,28,34.19365,248.88841,951.0,Stn A,-0.6141,2023-10-05 03:56:42,1.0654106e+08,12,2.2786926e+09,1
345,72.597664,-144.719,28,33.75185,224.08379,952.0,Stn A,-1.064,2023-10-05 03:56:42,5.461505e+07,12,1.1643333e+09,1
345,72.597664,-144.719,28,33.1158,196.10713,953.0,Stn A,-1.41615,2023-10-05 03:56:42,1.4210178e+07,12,2.985203e+08,1
345,72.597664,-144.719,28,31.8564,84.878525,957.0,Stn A,-0.56265,2023-10-05 03:56:42,4.981693e+06,12,9.712229e+07,1
345,72.597664,-144.719,28,31.11905,58.363033,958.0,Stn A,0.07565,2023-10-05 03:56:42,8.177941e+06,12,1.6584669e+08,1
345,72.597664,-144.719,28,25.2164,5.3771396,963.0,Stn A,1.0407,2023-10-05 03:56:42,8.740217e+06,12,1.7515376e+08,1
345,71.52367,-151.58217,28,29.3329,5.770388,843.0,BL4,5.1424,2024-09-17 08:35:41,51.06473,12,3.0716298e+07,1
345,71.52367,-151.58217,28,29.3633,10.2450485,841.0,BL4,4.7266,2024-09-17 08:35:41,93.060776,12,3.9563664e+07,1
345,71.52367,-151.58217,28,32.4624,94.85911,838.0,BL4,-1.1397,2024-09-17 08:35:41,951.61597,12,1.4269134e+08,1
345,71.52367,-151.58217,28,33.2265,142.60942,835.0,BL4,-1.2678,2024-09-17 08:35:41,15164.211,12,5.520356e+08,1
345,71.52367,-151.58217,28,34.0324,162.06702,834.0,BL4,-0.616,2024-09-17 08:35:41,171383.64,12,1.9242194e+09,1
345,71.52367,-151.58217,28,34.2507,173.10597,833.0,BL4,-0.3509,2024-09-17 08:35:41,289110.56,12,2.311214e+09,1
345,71.52367,-151.58217,28,34.5744,207.79936,832.0,BL4,0.2266,2024-09-17 08:35:41,384914.6,12,3.199397e+09,1
345,71.52367,-151.58217,28,34.7244,271.97614,830.0,BL4,0.6244,2024-09-17 08:35:41,620004.56,12,3.534983e+09,1
345,71.52367,-151.58217,28,34.7864,403.71506,827.0,BL4,0.8255,2024-09-17 08:35:41,502292.8,12,2.9758574e+09,1
345,71.52367,-151.58217,28,34.8064,503.71042,826.0,BL4,0.8565,2024-09-17 08:35:41,460787.34,12,3.1059336e+09,1
345,71.52367,-151.58217,28,34.8363,622.99036,825.0,BL4,0.7848,2024-09-17 08:35:41,448353.44,12,2.7352317e+09,1
345,71.52367,-151.58217,28,34.8528,1127.7836,823.0,BL4,0.0799,2024-09-17 08:35:41,230699.94,12,1.9577875e+09,1
345,78.3035,-153.22,28,29.3939,5.914024,464.0,CB10,-1.4216,2024-09-09 15:33:02,1079.855,12,1.381586e+08,1
345,78.3035,-153.22,28,31.4402,51.56606,461.0,CB10,-1.5861,2024-09-09 15:33:02,670.97595,12,1.113469e+08,1
345,78.3035,-153.22,28,31.859,65.02702,460.0,CB10,-1.516,2024-09-09 15:33:02,451.01044,12,9.321518e+07,1
345,78.3035,-153.22,28,33.1366,148.7128,456.0,CB10,-1.5483,2024-09-09 15:33:02,2550.0068,12,2.105659e+08,1
345,78.3035,-153.22,28,33.7324,170.5424,455.0,CB10,-1.0107,2024-09-09 15:33:02,47506.254,12,8.9892326e+08,1
345,78.3035,-153.22,28,34.4121,221.85193,453.0,CB10,-0.6304,2024-09-09 15:33:02,1.9262288e+06,12,6.200499e+09,1
345,78.3035,-153.22,28,34.7131,284.91818,451.0,CB10,0.5407,2024-09-09 15:33:02,848994.0,12,4.319625e+09,1
345,78.3035,-153.22,28,34.8413,453.0989,448.0,CB10,0.9801,2024-09-09 15:33:02,597017.25,12,3.4059983e+09,1
345,78.3035,-153.22,28,34.8624,603.25256,446.0,CB10,0.8113,2024-09-09 15:33:02,556166.56,12,3.2978655e+09,1
345,78.3035,-153.22,28,34.8713,803.25024,445.0,CB10,0.4406,2024-09-09 15:33:02,613008.4,12,3.2930086e+09,1
345,78.3035,-153.22,28,34.8817,1003.3713,444.0,CB10,0.1817,2024-09-09 15:33:02,509839.28,12,3.1095058e+09,1
345,78.3035,-153.22,28,34.9021,1503.7863,443.0,CB10,-0.2341,2024-09-09 15:33:02,129181.016,12,1.6486642e+09,1
345,78.3035,-153.22,28,34.9412,2002.8507,442.0,CB10,-0.3968,2024-09-09 15:33:02,642.45374,12,1.1223749e+08,1
345,78.3035,-153.22,28,34.9474,2347.8667,441.0,CB10,-0.375,2024-09-09 15:33:02,67.836044,12,3.270729e+07,1
345,75.3035,-153.28934,28,25.4037,5.979075,702.0,CB5,0.3993,2024-09-15 08:11:13,1395.8234,12,1.6106051e+08,1
345,75.3035,-153.28934,28,31.2814,57.729042,699.0,CB5,0.1443,2024-09-15 08:11:13,764.4192,12,1.24418824e+08,1
345,75.3035,-153.28934,28,31.8782,78.012054,698.0,CB5,-0.7063,2024-09-15 08:11:13,476.57132,12,9.3611304e+07,1
345,75.3035,-153.28934,28,33.118,197.49385,694.0,CB5,-1.4541,2024-09-15 08:11:13,5284.447,12,3.281265e+08,1
345,75.3035,-153.28934,28,33.7016,226.9968,693.0,CB5,-1.0989,2024-09-15 08:11:13,56631.38,12,1.051832e+09,1
345,75.3035,-153.28934,28,34.1749,250.69376,692.0,CB5,-0.6033,2024-09-15 08:11:13,197314.06,12,1.8963122e+09,1
345,75.3035,-153.28934,28,34.3972,273.6072,691.0,CB5,-0.2927,2024-09-15 08:11:13,287583.66,12,2.3499994e+09,1
345,75.3035,-153.28934,28,34.7192,349.22012,689.0,CB5,0.4422,2024-09-15 08:11:13,322592.44,12,2.5111283e+09,1
345,75.3035,-153.28934,28,34.8402,499.2183,687.0,CB5,0.8403,2024-09-15 08:11:13,219882.19,12,2.2387433e+09,1
345,75.3035,-153.28934,28,34.8548,603.06934,686.0,CB5,0.7116,2024-09-15 08:11:13,201374.66,12,2.034805e+09,1
345,75.3035,-153.28934,28,34.8664,803.2526,685.0,CB5,0.3623,2024-09-15 08:11:13,197733.62,12,1.9117724e+09,1
345,75.3035,-153.28934,28,34.8731,1003.4279,684.0,CB5,0.098,2024-09-15 08:11:13,125146.29,12,1.6713207e+09,1
345,75.3035,-153.28934,28,34.9023,1503.5392,683.0,CB5,-0.2658,2024-09-15 08:11:13,53252.06,12,9.880542e+08,1
345,75.3035,-153.28934,28,34.9345,2003.3798,682.0,CB5,-0.394,2024-09-15 08:11:13,661.40027,12,1.1064309e+08,1
345,75.3035,-153.28934,28,34.9538,3743.72,679.0,CB5,-0.2524,2024-09-15 08:11:13,0.16961592,12,807853.94,1
345,72.60067,-144.697,28,25.1906,5.4454284,905.0,Stn A,2.3719,2024-09-18 12:50:04,1353.4921,12,1.5931022e+08,1
345,72.60067,-144.697,28,31.8675,93.8089,901.0,Stn A,-0.5432,2024-09-18 12:50:04,402.90704,12,8.2606904e+07,1
345,72.60067,-144.697,28,32.2915,127.71551,900.0,Stn A,-1.1654,2024-09-18 12:50:04,466.813,12,9.513466e+07,1
345,72.60067,-144.697,28,33.088,205.35793,897.0,Stn A,-1.4266,2024-09-18 12:50:04,4749.841,12,2.9023763e+08,1
345,72.60067,-144.697,28,33.672,236.10632,896.0,Stn A,-1.0558,2024-09-18 12:50:04,60508.582,12,1.06164045e+09,1
345,72.60067,-144.697,28,34.1762,261.9375,895.0,Stn A,-0.5711,2024-09-18 12:50:04,205533.53,12,1.9175763e+09,1
345,72.60067,-144.697,28,34.724,356.5472,892.0,Stn A,0.4623,2024-09-18 12:50:04,148782.16,12,1.7562525e+09,1
345,72.60067,-144.697,28,34.8285,480.59564,890.0,Stn A,0.7563,2024-09-18 12:50:04,92828.42,12,1.4195311e+09,1
345,72.60067,-144.697,28,34.8505,603.2007,888.0,Stn A,0.6352,2024-09-18 12:50:04,119262.805,12,1.5937138e+09,1
345,72.60067,-144.697,28,34.8635,803.23694,887.0,Stn A,0.2983,2024-09-18 12:50:04,126484.73,12,1.5366569e+09,1
345,72.60067,-144.697,28,34.8738,1003.0923,886.0,Stn A,0.0605,2024-09-18 12:50:04,59923.547,12,1.0830598e+09,1
345,72.60067,-144.697,28,34.9059,1502.9507,885.0,Stn A,-0.2938,2024-09-18 12:50:04,16091.241,12,5.430936e+08,1
345,72.60067,-144.697,28,34.9366,2003.0544,884.0,Stn A,-0.3998,2024-09-18 12:50:04,298.68137,12,6.836987e+07,1
345,72.60067,-144.697,28,34.9533,3330.5403,882.0,Stn A,-0.2924,2024-09-18 12:50:04,0.0,12,0.0,1
345,70.5395,-122.94517,108,27.6802,5.849896,47.0,AG5,3.2875,2022-09-18 05:10:22,176013.92,9,9.451946e+06,1
345,70.5395,-122.94517,108,31.2421,32.150578,41.0,AG5,-1.049,2022-09-18 05:10:22,235398.12,9,1.034366e+07,1
345,70.5395,-122.94517,108,32.8468,101.903755,37.0,AG5,-1.1744,2022-09-18 05:10:22,288723.34,9,1.3589104e+07,1
345,70.5395,-122.94517,108,33.2132,124.83264,36.0,AG5,-1.0952,2022-09-18 05:10:22,284135.0,9,1.4979061e+07,1
345,70.5395,-122.94517,108,34.6833,303.65738,29.0,AG5,0.2942,2022-09-18 05:10:22,471101.34,9,2.8111786e+07,1
345,70.5395,-122.94517,108,34.7131,352.5692,28.0,AG5,0.3477,2022-09-18 05:10:22,597367.8,9,2.6864296e+07,1
345,70.5395,-122.94517,108,34.7472,499.39294,26.0,AG5,0.4225,2022-09-18 05:10:22,471988.56,9,2.7167204e+07,1
345,70.5395,-122.94517,108,34.7544,591.0342,25.0,AG5,0.4497,2022-09-18 05:10:22,515854.72,9,2.6525986e+07,1
345,71.52067,-151.58983,108,30.2406,6.2880335,719.0,BL4,-0.8615,2022-10-04 15:18:14,590631.8,9,9.486822e+06,1
345,71.52067,-151.58983,108,30.2397,6.4760876,718.0,BL4,-0.8633,2022-10-04 15:18:14,574093.56,9,1.0769606e+07,1
345,71.52067,-151.58983,108,31.431,36.372494,716.0,BL4,-0.5816,2022-10-04 15:18:14,309432.22,9,9.079906e+06,1
345,71.52067,-151.58983,108,33.1483,155.48808,710.0,BL4,-1.207,2022-10-04 15:18:14,410899.06,9,1.2365883e+07,1
345,71.52067,-151.58983,108,34.7062,303.6385,705.0,BL4,0.4056,2022-10-04 15:18:14,740881.25,9,2.2218276e+07,1
345,71.52067,-151.58983,108,34.8612,603.2054,700.0,BL4,0.7677,2022-10-04 15:18:14,673754.56,9,1.4397972e+07,1
345,71.52067,-151.58983,108,34.87,803.6271,699.0,BL4,0.459,2022-10-04 15:18:14,665982.06,9,2.1057722e+07,1
345,71.52067,-151.58983,108,34.8914,1152.5762,698.0,BL4,-0.0727,2022-10-04 15:18:14,665563.75,9,1.9329854e+07,1
345,71.95417,-150.30017,108,29.4647,5.3911815,788.0,BL8,-0.3142,2022-10-05 05:23:02,445966.6,9,9.788617e+06,1
345,71.95417,-150.30017,108,30.9158,35.754124,783.0,BL8,-0.0506,2022-10-05 05:23:02,488149.78,9,1.0383365e+07,1
345,71.95417,-150.30017,108,31.8549,55.401527,782.0,BL8,-0.2421,2022-10-05 05:23:02,391667.66,9,8.697433e+06,1
345,71.95417,-150.30017,108,33.207,150.53432,778.0,BL8,-1.1938,2022-10-05 05:23:02,547399.6,9,9.997953e+06,1
345,71.95417,-150.30017,108,34.4245,227.44409,775.0,BL8,-0.2152,2022-10-05 05:23:02,1.00295025e+06,9,2.719382e+07,1
345,71.95417,-150.30017,108,34.6985,287.38004,774.0,BL8,0.3532,2022-10-05 05:23:02,711569.4,9,2.2919432e+07,1
345,71.95417,-150.30017,108,34.8485,467.44626,772.0,BL8,0.8241,2022-10-05 05:23:02,1.1575269e+06,9,1.96114e+07,1
345,71.95417,-150.30017,108,34.8618,602.1114,770.0,BL8,0.6771,2022-10-05 05:23:02,1.0725939e+06,9,1.9732934e+07,1
345,71.95417,-150.30017,108,34.8707,801.6903,769.0,BL8,0.422,2022-10-05 05:23:02,1.0040885e+06,9,2.0611006e+07,1
345,71.95417,-150.30017,108,34.8869,1002.7577,768.0,BL8,-0.011,2022-10-05 05:23:02,632416.94,9,1.847839e+07,1
345,71.95417,-150.30017,108,34.9201,1501.4738,767.0,BL8,-0.3388,2022-10-05 05:23:02,355513.78,9,9.030104e+06,1
345,71.95417,-150.30017,108,34.9441,2002.0543,766.0,BL8,-0.3997,2022-10-05 05:23:02,133112.28,9,2.0929502e+06,1
345,71.95417,-150.30017,108,34.9595,2962.544,765.0,BL8,-0.3213,2022-10-05 05:23:02,69039.055,9,132384.48,1
345,78.30617,-153.21217,108,27.5739,5.803205,459.0,CB10,-1.4778,2022-09-29 07:18:31,231313.88,9,8.462232e+06,1
345,78.30617,-153.21217,108,31.8668,60.36603,453.0,CB10,-1.4003,2022-09-29 07:18:31,559360.25,9,6.5410185e+06,1
345,78.30617,-153.21217,108,33.1653,152.31578,449.0,CB10,-1.4512,2022-09-29 07:18:31,342961.6,9,1.1267098e+07,1
345,78.30617,-153.21217,108,34.4223,227.1655,446.0,CB10,-0.7144,2022-09-29 07:18:31,383248.53,9,1.746537e+07,1
345,78.30617,-153.21217,108,34.719,291.15692,444.0,CB10,0.4488,2022-09-29 07:18:31,387118.06,9,1.5921097e+07,1
345,78.30617,-153.21217,108,34.8489,438.64542,443.0,CB10,0.9123,2022-09-29 07:18:31,845901.9,9,1.7120822e+07,1
345,78.30617,-153.21217,108,34.8721,603.0976,441.0,CB10,0.7515,2022-09-29 07:18:31,397885.78,9,1.6382723e+07,1
345,78.30617,-153.21217,108,34.8819,803.2659,440.0,CB10,0.3802,2022-09-29 07:18:31,395737.34,9,1.679786e+07,1
345,78.30617,-153.21217,108,34.8886,1003.2225,439.0,CB10,0.1027,2022-09-29 07:18:31,317281.12,9,1.694402e+07,1
345,78.30617,-153.21217,108,34.9125,1503.7498,438.0,CB10,-0.2933,2022-09-29 07:18:31,385059.38,9,1.1569352e+07,1
345,78.30617,-153.21217,108,34.9452,2003.2317,437.0,CB10,-0.3997,2022-09-29 07:18:31,121810.484,9,1.9275691e+06,1
345,78.30617,-153.21217,108,34.9554,2404.5703,436.0,CB10,-0.3731,2022-09-29 07:18:31,96918.45,9,464741.5,1
345,78.9975,-149.28984,108,26.638,6.4738913,435.0,CB11,-1.4046,2022-09-28 05:29:08,362892.62,9,8.316105e+06,1
345,78.9975,-149.28984,108,31.1562,48.196518,430.0,CB11,0.4882,2022-09-28 05:29:08,246005.2,9,7.9622805e+06,1
345,78.9975,-149.28984,108,31.8855,76.422935,429.0,CB11,-0.6234,2022-09-28 05:29:08,360771.7,9,8.371892e+06,1
345,78.9975,-149.28984,108,33.1394,179.15092,425.0,CB11,-1.4691,2022-09-28 05:29:08,410800.8,9,1.1165775e+07,1
345,78.9975,-149.28984,108,34.4213,258.4547,422.0,CB11,-0.4029,2022-09-28 05:29:08,688753.5,9,2.404046e+07,1
345,78.9975,-149.28984,108,34.7217,326.40707,421.0,CB11,0.4134,2022-09-28 05:29:08,904675.0,9,2.3455402e+07,1
345,78.9975,-149.28984,108,34.8584,507.774,419.0,CB11,0.8479,2022-09-28 05:29:08,800545.44,9,2.0610118e+07,1
345,78.9975,-149.28984,108,34.8622,603.7674,418.0,CB11,0.6372,2022-09-28 05:29:08,996783.75,9,2.0300108e+07,1
345,78.9975,-149.28984,108,34.8733,803.7271,417.0,CB11,0.3077,2022-09-28 05:29:08,532820.3,9,2.1096516e+07,1
345,78.9975,-149.28984,108,34.8832,1003.9362,416.0,CB11,0.0545,2022-09-28 05:29:08,509742.88,9,1.8980272e+07,1
345,78.9975,-149.28984,108,34.912,1503.693,415.0,CB11,-0.2902,2022-09-28 05:29:08,338644.12,9,1.0316079e+07,1
345,78.9975,-149.28984,108,34.9422,2003.6576,414.0,CB11,-0.4002,2022-09-28 05:29:08,118857.3,9,2.147274e+06,1
345,78.9975,-149.28984,108,34.9591,3718.1765,412.0,CB11,-0.2562,2022-09-28 05:29:08,23274.72,9,9093.854,1
345,77.00633,-140.04016,108,25.8748,5.7015777,315.0,CB15,-1.3927,2022-09-24 02:01:43,153410.8,9,8.304317e+06,1
345,77.00633,-140.04016,108,31.1531,60.844883,310.0,CB15,0.3295,2022-09-24 02:01:43,189005.7,9,8.468269e+06,1
345,77.00633,-140.04016,108,31.8773,86.954,309.0,CB15,-0.5846,2022-09-24 02:01:43,169495.19,9,8.0098505e+06,1
345,77.00633,-140.04016,108,33.1184,202.01295,305.0,CB15,-1.4689,2022-09-24 02:01:43,238729.1,9,1.1254213e+07,1
345,77.00633,-140.04016,108,34.4319,275.96976,302.0,CB15,-0.3448,2022-09-24 02:01:43,502963.4,9,2.62379e+07,1
345,77.00633,-140.04016,108,34.721,341.9773,301.0,CB15,0.422,2022-09-24 02:01:43,575878.94,9,2.3323616e+07,1
345,77.00633,-140.04016,108,34.8448,494.94208,299.0,CB15,0.823,2022-09-24 02:01:43,377213.56,9,2.0829734e+07,1
345,77.00633,-140.04016,108,34.859,602.13135,298.0,CB15,0.6296,2022-09-24 02:01:43,378265.66,9,2.1584716e+07,1
345,77.00633,-140.04016,108,34.8711,802.16284,297.0,CB15,0.2837,2022-09-24 02:01:43,395162.47,9,1.9686184e+07,1
345,77.00633,-140.04016,108,34.8804,1002.9203,296.0,CB15,0.0208,2022-09-24 02:01:43,354418.5,9,1.9291636e+07,1
345,77.00633,-140.04016,108,34.9142,1502.8949,295.0,CB15,-0.2843,2022-09-24 02:01:43,241244.83,9,9.1356e+06,1
345,77.00633,-140.04016,108,34.9432,2002.3699,294.0,CB15,-0.4036,2022-09-24 02:01:43,103698.914,9,1.9058985e+06,1
345,77.00633,-140.04016,108,34.9589,3627.2786,292.0,CB15,-0.2655,2022-09-24 02:01:43,12711.484,9,59742.598,1
345,78.001,-140.01633,108,26.3704,5.758745,339.0,CB16,-1.3592,2022-09-24 23:19:08,318761.5,9,8.2336345e+06,1
345,78.001,-140.01633,108,30.6287,47.06654,334.0,CB16,0.3873,2022-09-24 23:19:08,302175.56,9,7.7778795e+06,1
345,78.001,-140.01633,108,31.8451,77.02014,333.0,CB16,-0.6534,2022-09-24 23:19:08,302550.66,9,8.1116515e+06,1
345,78.001,-140.01633,108,33.1519,189.14714,329.0,CB16,-1.4336,2022-09-24 23:19:08,529460.2,9,1.2455961e+07,1
345,78.001,-140.01633,108,34.43,262.90808,326.0,CB16,-0.3636,2022-09-24 23:19:08,611895.75,9,2.4901392e+07,1
345,78.001,-140.01633,108,34.8526,486.85312,323.0,CB16,0.8105,2022-09-24 23:19:08,555142.3,9,2.0722816e+07,1
345,78.001,-140.01633,108,34.8603,602.41876,322.0,CB16,0.5962,2022-09-24 23:19:08,1.1989339e+06,9,2.1360808e+07,1
345,78.001,-140.01633,108,34.8718,802.70734,321.0,CB16,0.2653,2022-09-24 23:19:08,490365.2,9,1.9504914e+07,1
345,78.001,-140.01633,108,34.8822,1002.9897,320.0,CB16,0.0107,2022-09-24 23:19:08,590790.0,9,1.8954442e+07,1
345,78.001,-140.01633,108,34.9116,1468.9,319.0,CB16,-0.289,2022-09-24 23:19:08,265957.6,9,1.1330945e+07,1
345,78.001,-140.01633,108,34.944,2003.128,318.0,CB16,-0.4046,2022-09-24 23:19:08,105201.914,9,1.5600359e+06,1
345,78.001,-140.01633,108,34.959,3653.0896,316.0,CB16,-0.2628,2022-09-24 23:19:08,30406.1,9,53843.117,1
345,75.988335,-140.00717,108,25.7945,5.7384343,243.0,CB17,-1.3624,2022-09-22 02:02:41,399957.28,9,9.787654e+06,1
345,75.988335,-140.00717,108,30.3419,41.95641,240.0,CB17,0.8756,2022-09-22 02:02:41,366665.84,9,9.278137e+06,1
345,75.988335,-140.00717,108,31.7998,84.07334,237.0,CB17,-0.4644,2022-09-22 02:02:41,261842.94,9,8.40359e+06,1
345,75.988335,-140.00717,108,33.169,208.2852,233.0,CB17,-1.4235,2022-09-22 02:02:41,286173.0,9,1.2157008e+07,1
345,75.988335,-140.00717,108,34.4246,284.0444,230.0,CB17,-0.365,2022-09-22 02:02:41,1.015041e+06,9,2.4856544e+07,1
345,75.988335,-140.00717,108,34.8492,508.33908,227.0,CB17,0.8199,2022-09-22 02:02:41,566177.06,9,2.2255646e+07,1
345,75.988335,-140.00717,108,34.8571,602.6238,226.0,CB17,0.6428,2022-09-22 02:02:41,748528.6,9,2.4665198e+07,1
345,75.988335,-140.00717,108,34.8682,802.84674,225.0,CB17,0.2675,2022-09-22 02:02:41,7.695057e+06,9,1.548265e+07,1
345,75.988335,-140.00717,108,34.8795,1002.9159,224.0,CB17,0.0176,2022-09-22 02:02:41,372225.5,9,2.1291912e+07,1
345,75.988335,-140.00717,108,34.9151,1502.8687,223.0,CB17,-0.2919,2022-09-22 02:02:41,240775.42,9,9.464036e+06,1
345,75.988335,-140.00717,108,34.9431,2002.6338,222.0,CB17,-0.4034,2022-09-22 02:02:41,107842.37,9,2.22966e+06,1
345,75.988335,-140.00717,108,34.959,3586.6294,220.0,CB17,-0.2694,2022-09-22 02:02:41,25409.756,9,83457.26,1
345,75.01683,-140.07683,108,25.1384,5.8336844,219.0,CB18,-1.3398,2022-09-21 16:12:10,189421.36,9,8.531164e+06,1
345,75.01683,-140.07683,108,30.863,57.975155,216.0,CB18,0.6449,2022-09-21 16:12:10,224841.3,9,8.55396e+06,1
345,75.01683,-140.07683,108,31.8302,100.38636,214.0,CB18,-0.5203,2022-09-21 16:12:10,167792.97,9,7.9548185e+06,1
345,75.01683,-140.07683,108,33.1514,212.3475,210.0,CB18,-1.4263,2022-09-21 16:12:10,395591.5,9,1.2091024e+07,1
345,75.01683,-140.07683,108,34.4436,292.35483,207.0,CB18,-0.2553,2022-09-21 16:12:10,682561.6,9,2.9526482e+07,1
345,75.01683,-140.07683,108,34.7155,355.83777,206.0,CB18,0.4168,2022-09-21 16:12:10,644213.2,9,2.6766324e+07,1
345,75.01683,-140.07683,108,34.8406,502.7906,204.0,CB18,0.7941,2022-09-21 16:12:10,471148.25,9,2.2954822e+07,1
345,75.01683,-140.07683,108,34.8564,602.33527,203.0,CB18,0.6448,2022-09-21 16:12:10,446268.66,9,2.2580808e+07,1
345,75.01683,-140.07683,108,34.8682,803.2089,202.0,CB18,0.2788,2022-09-21 16:12:10,459248.47,9,2.1731024e+07,1
345,75.01683,-140.07683,108,34.8793,1002.6651,201.0,CB18,0.023,2022-09-21 16:12:10,427149.4,9,2.0533374e+07,1
345,75.01683,-140.07683,108,34.9145,1502.7395,200.0,CB18,-0.2918,2022-09-21 16:12:10,253930.42,9,9.304794e+06,1
345,75.01683,-140.07683,108,34.9436,2002.2642,199.0,CB18,-0.4043,2022-09-21 16:12:10,68447.3,9,1.959701e+06,1
345,75.01683,-140.07683,108,34.959,3524.237,196.0,CB18,-0.2756,2022-09-21 16:12:10,8747.927,9,39452.594,1
345,73.00066,-150.0015,108,25.6193,4.179505,836.0,CB2,0.1557,2022-10-05 15:22:55,407123.06,9,9.087678e+06,1
345,73.00066,-150.0015,108,25.6194,9.313953,831.0,CB2,0.1689,2022-10-05 15:22:55,400933.97,9,9.824781e+06,1
345,73.00066,-150.0015,108,31.8644,85.45647,830.0,CB2,-0.5445,2022-10-05 15:22:55,536396.8,9,8.3315825e+06,1
345,73.00066,-150.0015,108,33.1154,199.65855,826.0,CB2,-1.3376,2022-10-05 15:22:55,612772.56,9,1.2177206e+07,1
345,73.00066,-150.0015,108,34.4686,284.78552,823.0,CB2,-0.1532,2022-10-05 15:22:55,2.6544895e+06,9,2.692668e+07,1
345,73.00066,-150.0015,108,34.7116,353.86823,822.0,CB2,0.4177,2022-10-05 15:22:55,1.142587e+06,9,2.3664434e+07,1
345,73.00066,-150.0015,108,34.8458,512.545,820.0,CB2,0.8361,2022-10-05 15:22:55,1.4033625e+06,9,2.1693884e+07,1
345,73.00066,-150.0015,108,34.8716,802.8022,818.0,CB2,0.351,2022-10-05 15:22:55,603438.3,9,2.2142978e+07,1
345,73.00066,-150.0015,108,34.8808,1002.89307,817.0,CB2,0.1023,2022-10-05 15:22:55,612722.4,9,1.9808368e+07,1
345,73.00066,-150.0015,108,34.91,1502.6187,816.0,CB2,-0.2747,2022-10-05 15:22:55,547978.56,9,1.4201967e+07,1
345,73.00066,-150.0015,108,34.9592,3649.7542,813.0,CB2,-0.2624,2022-10-05 15:22:55,20336.361,9,6060.5537,1
345,73.97117,-139.80766,108,30.998,64.70968,922.0,CB21,0.5305,2022-10-08 11:12:36,1.1134e+06,9,7.9201475e+06,1
345,73.97117,-139.80766,108,31.8375,92.49165,921.0,CB21,-0.5247,2022-10-08 11:12:36,717585.75,9,8.462473e+06,1
345,73.984665,-139.90567,108,34.7246,359.03638,908.0,CB21,0.4455,2022-10-08 07:24:16,2.2595772e+06,9,2.6302322e+07,1
345,73.984665,-139.90567,108,34.8344,474.4461,903.0,CB21,0.7637,2022-10-08 07:24:16,702913.25,9,2.632772e+07,1
345,73.984665,-139.90567,108,34.8672,801.7667,901.0,CB21,0.2771,2022-10-08 07:24:16,1.7317698e+06,9,2.501717e+07,1
345,73.984665,-139.90567,108,34.8796,1000.89923,896.0,CB21,0.0257,2022-10-08 07:24:16,1.3559475e+06,9,2.0158092e+07,1
345,73.984665,-139.90567,108,34.9433,2001.0637,892.0,CB21,-0.4036,2022-10-08 07:24:16,893862.44,9,3.5106908e+06,1
345,73.984665,-139.90567,108,34.9553,2502.5005,891.0,CB21,-0.3773,2022-10-08 07:24:16,43254.902,9,187132.83,1
345,73.00933,-139.91484,108,24.7561,5.7164855,980.0,CB27,-1.3463,2022-10-10 08:17:35,599795.56,9,7.3479205e+06,1
345,73.00933,-139.91484,108,31.2706,65.16002,975.0,CB27,0.2058,2022-10-10 08:17:35,632298.3,9,8.924805e+06,1
345,73.00933,-139.91484,108,31.867,90.35437,974.0,CB27,-0.5499,2022-10-10 08:17:35,352378.7,9,8.488593e+06,1
345,73.00933,-139.91484,108,33.1614,215.3868,970.0,CB27,-1.4211,2022-10-10 08:17:35,754046.44,9,1.1836566e+07,1
345,73.00933,-139.91484,108,34.4421,307.01672,967.0,CB27,-0.2268,2022-10-10 08:17:35,1.2087906e+06,9,3.00718e+07,1
345,73.00933,-139.91484,108,34.7194,390.8268,966.0,CB27,0.4165,2022-10-10 08:17:35,1.4426702e+06,9,2.821971e+07,1
345,73.00933,-139.91484,108,34.82,460.9413,964.0,CB27,0.6168,2022-10-10 08:17:35,1.00086775e+06,9,2.5500388e+07,1
345,73.00933,-139.91484,108,34.8619,602.94904,963.0,CB27,0.3433,2022-10-10 08:17:35,933636.0,9,2.4540168e+07,1
345,73.00933,-139.91484,108,34.8739,802.722,962.0,CB27,0.1098,2022-10-10 08:17:35,670390.2,9,2.3482678e+07,1
345,73.00933,-139.91484,108,34.9169,1502.953,960.0,CB27,-0.3236,2022-10-10 08:17:35,408270.7,9,1.0184987e+07,1
345,73.00933,-139.91484,108,34.9445,2002.2766,959.0,CB27,-0.4046,2022-10-10 08:17:35,243225.31,9,2.041144e+06,1
345,73.00933,-139.91484,108,34.959,3198.6462,957.0,CB27,-0.3048,2022-10-10 08:17:35,43705.117,9,34811.914,1
345,71.01033,-139.98933,108,31.506,60.68064,1022.0,CB28b,-0.5917,2022-10-10 22:10:52,522290.03,9,9.958382e+06,1
345,71.01033,-139.98933,108,31.9147,73.45103,1021.0,CB28b,-0.899,2022-10-10 22:10:52,350491.44,9,8.978377e+06,1
345,71.01033,-139.98933,108,33.1826,170.79872,1016.0,CB28b,-1.2913,2022-10-10 22:10:52,428398.3,9,1.5275571e+07,1
345,71.01033,-139.98933,108,34.4245,246.70149,1013.0,CB28b,-0.2297,2022-10-10 22:10:52,1.1040432e+06,9,2.8957636e+07,1
345,71.01033,-139.98933,108,34.7111,316.84518,1012.0,CB28b,0.4187,2022-10-10 22:10:52,1.0987195e+06,9,2.3235862e+07,1
345,71.01033,-139.98933,108,34.8314,469.68198,1010.0,CB28b,0.731,2022-10-10 22:10:52,1.1439585e+06,9,2.2528468e+07,1
345,71.01033,-139.98933,108,34.9509,2076.547,1005.0,CB28b,-0.3883,2022-10-10 22:10:52,106148.68,9,1.0814174e+06,1
345,75.005165,-150.0805,108,25.3609,6.1048326,648.0,CB4,-1.0969,2022-10-03 04:43:09,359246.25,9,8.619587e+06,1
345,75.005165,-150.0805,108,31.3103,65.325775,641.0,CB4,0.2279,2022-10-03 04:43:09,307527.2,9,8.903308e+06,1
345,75.005165,-150.0805,108,34.4269,280.95178,629.0,CB4,-0.2461,2022-10-03 04:43:09,1.4256159e+06,9,3.2873388e+07,1
345,75.005165,-150.0805,108,34.71,349.4867,603.0,CB4,0.4112,2022-10-02 03:41:37,728900.3,9,2.784735e+07,1
345,75.005165,-150.0805,108,34.8324,484.35825,598.0,CB4,0.7709,2022-10-02 03:41:37,771485.56,9,2.2799624e+07,1
345,75.005165,-150.0805,108,34.8555,603.0529,597.0,CB4,0.6784,2022-10-02 03:41:37,1.03731156e+06,9,2.467488e+07,1
345,75.005165,-150.0805,108,34.868,802.94714,596.0,CB4,0.3518,2022-10-02 03:41:37,576890.2,9,2.337698e+07,1
345,75.005165,-150.0805,108,34.8775,1001.3184,592.0,CB4,0.091,2022-10-02 03:41:37,614079.4,9,2.0942854e+07,1
345,75.005165,-150.0805,108,34.9083,1501.3364,591.0,CB4,-0.2663,2022-10-02 03:41:37,536901.56,9,1.1350507e+07,1
345,75.005165,-150.0805,108,34.9402,2001.4674,588.0,CB4,-0.3944,2022-10-02 03:41:37,320409.16,9,3.1453625e+06,1
345,75.005165,-150.0805,108,34.959,3718.407,582.0,CB4,-0.2558,2022-10-02 03:41:37,48944.29,9,163670.34,1
345,75.2995,-153.3045,108,25.5449,5.9177227,627.0,CB5,-1.3633,2022-10-02 13:17:47,292990.6,9,7.7833085e+06,1
345,75.2995,-153.3045,108,31.2146,62.612278,624.0,CB5,0.3149,2022-10-02 13:17:47,247078.28,9,8.700784e+06,1
345,75.2995,-153.3045,108,31.8141,85.350975,623.0,CB5,-0.5139,2022-10-02 13:17:47,240707.5,9,8.1171855e+06,1
345,75.2995,-153.3045,108,33.1514,199.45436,619.0,CB5,-1.4902,2022-10-02 13:17:47,303540.03,9,1.2205465e+07,1
345,75.2995,-153.3045,108,34.447,276.67288,616.0,CB5,-0.2313,2022-10-02 13:17:47,555570.7,9,2.6500154e+07,1
345,75.2995,-153.3045,108,34.7125,339.35367,614.0,CB5,0.4111,2022-10-02 13:17:47,532423.44,9,2.5579148e+07,1
345,75.2995,-153.3045,108,34.837,468.54898,612.0,CB5,0.7787,2022-10-02 13:17:47,477582.5,9,2.3096216e+07,1
345,75.2995,-153.3045,108,34.8577,603.46515,611.0,CB5,0.5909,2022-10-02 13:17:47,497102.34,9,2.2964144e+07,1
345,75.2995,-153.3045,108,34.8703,803.9605,610.0,CB5,0.2486,2022-10-02 13:17:47,436463.7,9,2.2194346e+07,1
345,75.2995,-153.3045,108,34.8816,1003.7088,609.0,CB5,0.0063,2022-10-02 13:17:47,339091.12,9,2.0871426e+07,1
345,75.2995,-153.3045,108,34.9027,1503.013,608.0,CB5,-0.1999,2022-10-02 13:17:47,335292.62,9,1.4647353e+07,1
345,75.2995,-153.3045,108,34.9322,2003.2987,607.0,CB5,-0.3717,2022-10-02 13:17:47,564790.75,9,3.8622385e+06,1
345,75.2995,-153.3045,108,34.9589,3743.9978,604.0,CB5,-0.2532,2022-10-02 13:17:47,25596.254,9,47882.793,1
345,73.499664,-130.90334,108,27.1105,6.570415,167.0,CB51,-1.2456,2022-09-20 11:29:12,430325.66,9,8.694892e+06,1
345,73.499664,-130.90334,108,31.0359,52.150738,164.0,CB51,0.2594,2022-09-20 11:29:12,501475.22,9,8.102983e+06,1
345,73.499664,-130.90334,108,31.9551,82.17186,163.0,CB51,-0.668,2022-09-20 11:29:12,819006.94,9,5.502177e+06,1
345,73.499664,-130.90334,108,33.1783,175.94856,159.0,CB51,-1.3542,2022-09-20 11:29:12,864950.4,9,1.2713363e+07,1
345,73.499664,-130.90334,108,34.4369,245.8392,156.0,CB51,-0.1954,2022-09-20 11:29:12,1.5973475e+06,9,2.1909816e+07,1
345,73.499664,-130.90334,108,34.7121,307.1464,155.0,CB51,0.3856,2022-09-20 11:29:12,969771.8,9,2.0680214e+07,1
345,73.499664,-130.90334,108,34.8335,443.1172,152.0,CB51,0.7195,2022-09-20 11:29:12,705971.06,9,2.2406116e+07,1
345,73.499664,-130.90334,108,34.855,602.62604,150.0,CB51,0.4918,2022-09-20 11:29:12,714165.44,9,2.4607566e+07,1
345,73.499664,-130.90334,108,34.9459,2002.0668,146.0,CB51,-0.3983,2022-09-20 11:29:12,151457.95,9,1.3995186e+06,1
345,73.499664,-130.90334,108,34.9578,2484.6677,145.0,CB51,-0.3619,2022-09-20 11:29:12,40668.734,9,148887.88,1
345,77.00433,-149.91417,108,25.9817,6.6287374,555.0,CB8,-1.3878,2022-10-01 01:40:14,717531.1,9,9.945149e+06,1
345,77.00433,-149.91417,108,31.3353,62.1477,550.0,CB8,0.2078,2022-10-01 01:40:14,556279.3,9,8.876589e+06,1
345,77.00433,-149.91417,108,31.86,84.043045,549.0,CB8,-0.558,2022-10-01 01:40:14,474861.47,9,7.6043605e+06,1
345,77.00433,-149.91417,108,33.129,195.96593,545.0,CB8,-1.4812,2022-10-01 01:40:14,488071.25,9,1.1678825e+07,1
345,77.00433,-149.91417,108,34.713,345.8922,541.0,CB8,0.3942,2022-10-01 01:40:14,1.1002434e+06,9,2.7464692e+07,1
345,77.00433,-149.91417,108,34.8383,466.4503,539.0,CB8,0.8288,2022-10-01 01:40:14,628118.1,9,2.3573236e+07,1
345,77.00433,-149.91417,108,34.8634,603.82446,538.0,CB8,0.7359,2022-10-01 01:40:14,504642.56,9,2.01686e+07,1
345,77.00433,-149.91417,108,34.8802,1003.1853,536.0,CB8,0.0821,2022-10-01 01:40:14,497680.94,9,2.1261822e+07,1
345,77.00433,-149.91417,108,34.9088,1502.6356,535.0,CB8,-0.2748,2022-10-01 01:40:14,764368.8,9,1.2369907e+07,1
345,77.00433,-149.91417,108,34.9413,2002.9541,534.0,CB8,-0.3974,2022-10-01 01:40:14,331950.16,9,2.7354908e+06,1
345,77.00433,-149.91417,108,34.959,3726.8257,532.0,CB8,-0.2551,2022-10-01 01:40:14,31834.049,9,69099.99,1
345,78.00467,-149.946,108,26.3271,6.3731985,480.0,CB9,-1.4008,2022-09-29 13:35:04,492654.38,9,9.112443e+06,1
345,78.00467,-149.946,108,31.3308,53.332413,473.0,CB9,0.2213,2022-09-29 13:35:04,311516.38,9,8.547434e+06,1
345,78.00467,-149.946,108,31.8338,73.02308,472.0,CB9,-0.504,2022-09-29 13:35:04,325536.0,9,8.321663e+06,1
345,78.00467,-149.946,108,33.111,173.61012,464.0,CB9,-1.5079,2022-09-29 13:35:04,368196.72,9,1.0653189e+07,1
345,78.00467,-149.946,108,34.8486,470.37003,503.0,CB9,0.9056,2022-09-30 00:43:15,614592.75,9,1.8405038e+07,1
345,78.00467,-149.946,108,34.8583,602.4412,501.0,CB9,0.6622,2022-09-30 00:43:15,1.0493661e+06,9,2.2807212e+07,1
345,78.00467,-149.946,108,34.8808,803.30725,500.0,CB9,0.4161,2022-09-30 00:43:15,680772.8,9,1.7857146e+07,1
345,78.00467,-149.946,108,34.8873,1001.76337,496.0,CB9,0.1473,2022-09-30 00:43:15,816951.06,9,1.6800012e+07,1
345,78.00467,-149.946,108,34.9095,1501.945,495.0,CB9,-0.2667,2022-09-30 00:43:15,521164.84,9,1.2840538e+07,1
345,78.00467,-149.946,108,34.942,2001.6083,492.0,CB9,-0.3981,2022-09-30 00:43:15,167337.3,9,2.6444732e+06,1
345,78.00467,-149.946,108,34.959,3715.2405,486.0,CB9,-0.2558,2022-09-30 00:43:15,35825.72,9,113487.6,1
345,78.00467,-149.946,108,34.4185,252.26862,461.0,CB9,-0.7423,2022-09-29 13:35:04,1.3839429e+06,9,1.7989798e+07,1
345,78.00467,-149.946,108,34.7134,317.85934,460.0,CB9,0.407,2022-09-29 13:35:04,1.1558766e+06,9,2.4097382e+07,1
345,79.6915,-139.75233,108,27.0706,6.0275207,410.0,NE1,-1.4618,2022-09-27 04:20:57,388559.62,9,8.234915e+06,1
345,79.6915,-139.75233,108,28.9616,27.107601,408.0,NE1,-1.1792,2022-09-27 04:20:57,340077.94,9,8.824083e+06,1
345,79.6915,-139.75233,108,31.8611,80.20724,406.0,NE1,-0.6566,2022-09-27 04:20:57,347510.38,9,8.090245e+06,1
345,79.6915,-139.75233,108,33.1493,176.99265,402.0,NE1,-1.4492,2022-09-27 04:20:57,409910.2,9,1.2459795e+07,1
345,79.6915,-139.75233,108,34.7211,316.74002,397.0,NE1,0.3967,2022-09-27 04:20:57,445228.2,9,1.9815694e+07,1
345,79.6915,-139.75233,108,34.857,488.68375,369.0,NE1,0.8438,2022-09-27 02:23:02,840179.44,9,1.976586e+07,1
345,79.6915,-139.75233,108,34.8631,602.7942,368.0,NE1,0.5881,2022-09-27 02:23:02,745988.9,9,2.090416e+07,1
345,79.6915,-139.75233,108,34.872,803.0054,367.0,NE1,0.2444,2022-09-27 02:23:02,743053.75,9,2.0234638e+07,1
345,79.6915,-139.75233,108,34.8835,1001.66266,366.0,NE1,0.0159,2022-09-27 02:23:02,370306.0,9,1.8048018e+07,1
345,79.6915,-139.75233,108,34.9438,2002.0999,393.0,NE1,-0.4041,2022-09-27 04:20:57,106388.74,9,1.5688961e+06,1
345,79.6915,-139.75233,108,34.959,3660.7048,391.0,NE1,-0.262,2022-09-27 04:20:57,25714.58,9,37883.617,1
345,72.59967,-144.68266,108,24.8759,4.712056,884.0,Stn A,0.4311,2022-10-07 17:13:40,280156.44,9,8.219269e+06,1
345,72.59967,-144.68266,108,30.2167,41.41506,881.0,Stn A,0.4746,2022-10-07 17:13:40,208313.7,9,9.566609e+06,1
345,72.59967,-144.68266,108,29.4583,84.01088,878.0,Stn A,-0.3146,2022-10-07 17:13:40,367236.3,9,8.709832e+06,1
345,72.59967,-144.68266,108,32.3341,120.89943,877.0,Stn A,-1.2253,2022-10-07 17:13:40,390381.97,9,9.425033e+06,1
345,72.59967,-144.68266,108,32.6171,151.64568,876.0,Stn A,-1.3464,2022-10-07 17:13:40,450409.9,9,9.862021e+06,1
345,72.59967,-144.68266,108,32.9366,182.98557,875.0,Stn A,-1.4302,2022-10-07 17:13:40,365983.06,9,1.1602145e+07,1
345,72.59967,-144.68266,108,33.1058,194.95715,874.0,Stn A,-1.3997,2022-10-07 17:13:40,329547.88,9,1.1900585e+07,1
345,72.59967,-144.68266,108,33.6471,219.50925,873.0,Stn A,-1.1367,2022-10-07 17:13:40,463130.62,9,1.8905956e+07,1
345,72.59967,-144.68266,108,34.1582,248.6531,872.0,Stn A,-0.6755,2022-10-07 17:13:40,767845.8,9,2.554356e+07,1
345,72.59967,-144.68266,108,34.4281,272.30426,871.0,Stn A,-0.2421,2022-10-07 17:13:40,821261.25,9,3.0938408e+07,1
345,72.59967,-144.68266,108,34.7216,345.6502,870.0,Stn A,0.4411,2022-10-07 17:13:40,2.29291e+06,9,2.2503226e+07,1
345,72.59967,-144.68266,108,34.7894,396.7394,869.0,Stn A,0.6398,2022-10-07 17:13:40,741022.75,9,2.3245768e+07,1
345,72.59967,-144.68266,108,34.832,471.8638,868.0,Stn A,0.7401,2022-10-07 17:13:40,642391.6,9,2.414966e+07,1
345,72.59967,-144.68266,108,34.8541,602.90076,867.0,Stn A,0.61,2022-10-07 17:13:40,635438.5,9,2.355884e+07,1
345,72.59967,-144.68266,108,34.8675,802.51733,866.0,Stn A,0.3049,2022-10-07 17:13:40,416032.53,9,2.1047644e+07,1
345,72.59967,-144.68266,108,34.878,1003.1977,865.0,Stn A,0.0463,2022-10-07 17:13:40,376625.38,9,2.1114652e+07,1
345,72.59967,-144.68266,108,34.9116,1502.6344,864.0,Stn A,-0.292,2022-10-07 17:13:40,266900.1,9,1.2278602e+07,1
345,72.59967,-144.68266,108,34.9431,2002.7428,863.0,Stn A,-0.4021,2022-10-07 17:13:40,175618.84,9,2.1869045e+06,1
345,72.59967,-144.68266,108,34.9536,2392.6992,862.0,Stn A,-0.3842,2022-10-07 17:13:40,65280.56,9,488660.44,1
345,72.59967,-144.68266,108,34.959,3333.0073,861.0,Stn A,-0.2931,2022-10-07 17:13:40,47699.598,9,134897.1,1
345,78.303,-153.24283,108,34.94895,2273.4536,549.0,CB10,-0.37985,2023-09-28 06:29:38,85245.19,9,774888.1,1
345,78.303,-153.24283,108,34.9393,2003.3643,550.0,CB10,-0.3932,2023-09-28 06:29:38,228128.38,9,2.7210978e+06,1
345,78.303,-153.24283,108,34.90455,1502.8707,551.0,CB10,-0.2497,2023-09-28 06:29:38,436810.12,9,1.3229804e+07,1
345,78.303,-153.24283,108,34.8828,1003.1813,552.0,CB10,0.1648,2023-09-28 06:29:38,415741.25,9,1.7925638e+07,1
345,78.303,-153.24283,108,34.87485,802.786,553.0,CB10,0.42625,2023-09-28 06:29:38,627195.06,9,1.7692246e+07,1
345,78.303,-153.24283,108,34.86575,603.0,554.0,CB10,0.8084,2023-09-28 06:29:38,462920.12,9,1.6136162e+07,1
345,78.303,-153.24283,108,34.731,297.938,558.0,CB10,0.5571,2023-09-28 06:29:38,431705.75,9,1.6151108e+07,1
345,78.303,-153.24283,108,34.40815,237.72804,559.0,CB10,-0.53125,2023-09-28 06:29:38,602933.5,9,2.4742794e+07,1
345,78.303,-153.24283,108,33.71775,192.14429,561.0,CB10,-1.03335,2023-09-28 06:29:38,630647.25,9,2.1963966e+07,1
345,78.303,-153.24283,108,33.1233,162.86142,562.0,CB10,-1.2955,2023-09-28 06:29:38,428139.8,9,1.1459691e+07,1
345,78.303,-153.24283,108,31.038,37.413677,568.0,CB10,-0.6828,2023-09-28 06:29:38,232919.2,9,9.185513e+06,1
345,78.303,-153.24283,108,26.4881,5.693377,572.0,CB10,-1.43045,2023-09-28 06:29:38,413489.2,9,8.392511e+06,1
345,75.29867,-153.29933,108,34.95525,3743.3154,645.0,CB5,-0.25285,2023-09-30 04:34:14,38465.965,9,102658.83,1
345,75.29867,-153.29933,108,34.9365,2002.9156,648.0,CB5,-0.3957,2023-09-30 04:34:14,130080.3,9,2.9139362e+06,1
345,75.29867,-153.29933,108,34.90395,1503.7675,649.0,CB5,-0.26925,2023-09-30 04:34:14,417567.72,9,1.2339068e+07,1
345,75.29867,-153.29933,108,34.87685,1004.08307,650.0,CB5,0.1231,2023-09-30 04:34:14,425519.0,9,1.8665824e+07,1
345,75.29867,-153.29933,108,34.8671,803.5554,651.0,CB5,0.4028,2023-09-30 04:34:14,478415.78,9,2.0797596e+07,1
345,75.29867,-153.29933,108,34.85305,603.02606,652.0,CB5,0.72665,2023-09-30 04:34:14,763115.94,9,2.2010666e+07,1
345,75.29867,-153.29933,108,34.84055,527.845,653.0,CB5,0.81795,2023-09-30 04:34:14,751197.1,9,2.254203e+07,1
345,75.29867,-153.29933,108,34.71625,366.94553,655.0,CB5,0.4342,2023-09-30 04:34:14,826104.25,9,2.5364134e+07,1
345,75.29867,-153.29933,108,34.37825,295.2484,657.0,CB5,-0.33825,2023-09-30 04:34:14,674811.3,9,2.8905272e+07,1
345,75.29867,-153.29933,108,34.14995,273.08646,658.0,CB5,-0.6788,2023-09-30 04:34:14,761788.7,9,2.8820234e+07,1
345,75.29867,-153.29933,108,33.71095,246.07799,659.0,CB5,-1.0853,2023-09-30 04:34:14,601138.4,9,2.3647386e+07,1
345,75.29867,-153.29933,108,33.1127,215.1078,660.0,CB5,-1.3808,2023-09-30 04:34:14,463259.28,9,1.3435151e+07,1
345,75.29867,-153.29933,108,31.8217,92.81524,664.0,CB5,-0.4844,2023-09-30 04:34:14,338116.12,9,8.433799e+06,1
345,75.29867,-153.29933,108,31.21685,68.13841,665.0,CB5,0.3806,2023-09-30 04:34:14,284821.0,9,9.325165e+06,1
345,75.29867,-153.29933,108,25.1367,5.672309,668.0,CB5,1.12545,2023-09-30 04:34:14,444989.7,9,9.406533e+06,1
345,71.51984,-151.57584,108,34.88585,1195.625,882.0,BL4,-0.01905,2023-10-04 10:45:44,567858.2,9,1.8643982e+07,1
345,71.51984,-151.57584,108,34.86635,803.0809,883.0,BL4,0.5188,2023-10-04 10:45:44,565466.0,9,2.006537e+07,1
345,71.51984,-151.57584,108,34.8604,602.96857,884.0,BL4,0.69385,2023-10-04 10:45:44,549535.94,9,2.0057464e+07,1
345,71.51984,-151.57584,108,34.83805,393.65674,885.0,BL4,0.8549,2023-10-04 10:45:44,448375.97,9,1.9088664e+07,1
345,71.51984,-151.57584,108,34.84425,403.66476,886.0,BL4,0.85535,2023-10-04 10:45:44,455728.8,9,1.9956376e+07,1
345,71.51984,-151.57584,108,34.7084,275.68985,889.0,BL4,0.41615,2023-10-04 10:45:44,592616.44,9,2.2546942e+07,1
345,71.51984,-151.57584,108,34.41445,201.75786,891.0,BL4,-0.19835,2023-10-04 10:45:44,678661.6,9,2.5981434e+07,1
345,71.51984,-151.57584,108,34.1751,179.76549,892.0,BL4,-0.62745,2023-10-04 10:45:44,624270.44,9,2.7374226e+07,1
345,71.51984,-151.57584,108,33.8419,166.90224,893.0,BL4,-0.90175,2023-10-04 10:45:44,839237.1,9,2.4301332e+07,1
345,71.51984,-151.57584,108,33.32185,160.90694,894.0,BL4,-1.2832,2023-10-04 10:45:44,373234.9,9,1.2060577e+07,1
345,71.51984,-151.57584,108,32.3312,120.80164,897.0,BL4,-1.1974,2023-10-04 10:45:44,258604.48,9,7.8601615e+06,1
345,71.51984,-151.57584,108,30.4409,29.635103,900.0,BL4,4.84325,2023-10-04 10:45:44,288399.97,9,6.052222e+06,1
345,71.51984,-151.57584,108,29.9344,5.869365,902.0,BL4,4.5986,2023-10-04 10:45:44,260565.66,9,6.3579395e+06,1
345,72.597664,-144.719,108,34.95465,3325.9404,940.0,Stn A,-0.29325,2023-10-05 03:56:42,28326.979,9,83924.62,1
345,72.597664,-144.719,108,34.93895,2003.7233,942.0,Stn A,-0.40285,2023-10-05 03:56:42,154197.08,9,2.2334625e+06,1
345,72.597664,-144.719,108,34.90755,1503.627,943.0,Stn A,-0.29785,2023-10-05 03:56:42,445610.78,9,1.098063e+07,1
345,72.597664,-144.719,108,34.8756,1003.1476,944.0,Stn A,0.0615,2023-10-05 03:56:42,636707.75,9,2.2758846e+07,1
345,72.597664,-144.719,108,34.8658,803.81384,945.0,Stn A,0.31015,2023-10-05 03:56:42,531040.1,9,2.1415104e+07,1
345,72.597664,-144.719,108,34.85285,603.66656,946.0,Stn A,0.6133,2023-10-05 03:56:42,414831.3,9,2.2952544e+07,1
345,72.597664,-144.719,108,34.8287,461.80344,947.0,Stn A,0.76385,2023-10-05 03:56:42,579931.8,9,2.3282892e+07,1
345,72.597664,-144.719,108,34.42295,272.09967,950.0,Stn A,-0.2407,2023-10-05 03:56:42,696599.4,9,3.3431246e+07,1
345,72.597664,-144.719,108,34.19365,248.88841,951.0,Stn A,-0.6141,2023-10-05 03:56:42,977459.56,9,3.154721e+07,1
345,72.597664,-144.719,108,33.75185,224.08379,952.0,Stn A,-1.064,2023-10-05 03:56:42,516513.44,9,2.1561918e+07,1
345,72.597664,-144.719,108,33.1158,196.10713,953.0,Stn A,-1.41615,2023-10-05 03:56:42,461599.38,9,1.2994043e+07,1
345,72.597664,-144.719,108,31.8564,84.878525,957.0,Stn A,-0.56265,2023-10-05 03:56:42,346179.75,9,9.360352e+06,1
345,72.597664,-144.719,108,31.11905,58.363033,958.0,Stn A,0.07565,2023-10-05 03:56:42,300496.38,9,8.995104e+06,1
345,72.597664,-144.719,108,25.2164,5.3771396,963.0,Stn A,1.0407,2023-10-05 03:56:42,315257.75,9,9.437493e+06,1
345,70.5395,-122.94517,108,31.2421,32.150578,41.0,AG5,-1.049,2022-09-18 05:10:22,241322.1,12,1.0603966e+07,1
345,70.5395,-122.94517,108,32.8468,101.903755,37.0,AG5,-1.1744,2022-09-18 05:10:22,296366.25,12,1.3948826e+07,1
345,70.5395,-122.94517,108,33.2132,124.83264,36.0,AG5,-1.0952,2022-09-18 05:10:22,291738.34,12,1.5379895e+07,1
345,70.5395,-122.94517,108,34.6833,303.65738,29.0,AG5,0.2942,2022-09-18 05:10:22,484238.94,12,2.889574e+07,1
345,70.5395,-122.94517,108,34.7131,352.5692,28.0,AG5,0.3477,2022-09-18 05:10:22,614039.1,12,2.7614022e+07,1
345,70.5395,-122.94517,108,34.7472,499.39294,26.0,AG5,0.4225,2022-09-18 05:10:22,485171.66,12,2.792601e+07,1
345,70.5395,-122.94517,108,34.7544,591.0342,25.0,AG5,0.4497,2022-09-18 05:10:22,530265.4,12,2.7267002e+07,1
345,71.52067,-151.58983,108,30.2406,6.2880335,719.0,BL4,-0.8615,2022-10-04 15:18:14,605012.5,12,9.717807e+06,1
345,71.52067,-151.58983,108,30.2397,6.4760876,718.0,BL4,-0.8633,2022-10-04 15:18:14,588072.06,12,1.1031833e+07,1
345,71.52067,-151.58983,108,31.431,36.372494,716.0,BL4,-0.5816,2022-10-04 15:18:14,317266.0,12,9.309779e+06,1
345,71.52067,-151.58983,108,33.1483,155.48808,710.0,BL4,-1.207,2022-10-04 15:18:14,421877.5,12,1.2696276e+07,1
345,71.52067,-151.58983,108,34.7062,303.6385,705.0,BL4,0.4056,2022-10-04 15:18:14,761550.75,12,2.2838134e+07,1
345,71.52067,-151.58983,108,34.8612,603.2054,700.0,BL4,0.7677,2022-10-04 15:18:14,692620.5,12,1.4801132e+07,1
345,71.52067,-151.58983,108,34.87,803.6271,699.0,BL4,0.459,2022-10-04 15:18:14,684648.2,12,2.1647926e+07,1
345,71.52067,-151.58983,108,34.8914,1152.5762,698.0,BL4,-0.0727,2022-10-04 15:18:14,684250.06,12,1.9872558e+07,1
345,71.95417,-150.30017,108,29.4647,5.3911815,788.0,BL8,-0.3142,2022-10-05 05:23:02,456538.12,12,1.0020655e+07,1
345,71.95417,-150.30017,108,30.9158,35.754124,783.0,BL8,-0.0506,2022-10-05 05:23:02,500288.2,12,1.0641559e+07,1
345,71.95417,-150.30017,108,31.8549,55.401527,782.0,BL8,-0.2421,2022-10-05 05:23:02,401709.16,12,8.920416e+06,1
345,71.95417,-150.30017,108,33.207,150.53432,778.0,BL8,-1.1938,2022-10-05 05:23:02,562047.6,12,1.026549e+07,1
345,71.95417,-150.30017,108,34.4245,227.44409,775.0,BL8,-0.2152,2022-10-05 05:23:02,1.03073625e+06,12,2.7947204e+07,1
345,71.95417,-150.30017,108,34.6985,287.38004,774.0,BL8,0.3532,2022-10-05 05:23:02,731418.75,12,2.3558774e+07,1
345,71.95417,-150.30017,108,34.8485,467.44626,772.0,BL8,0.8241,2022-10-05 05:23:02,1.1899228e+06,12,2.0160268e+07,1
345,71.95417,-150.30017,108,34.8618,602.1114,770.0,BL8,0.6771,2022-10-05 05:23:02,1.1026344e+06,12,2.02856e+07,1
345,71.95417,-150.30017,108,34.8707,801.6903,769.0,BL8,0.422,2022-10-05 05:23:02,1.0322335e+06,12,2.118874e+07,1
345,71.95417,-150.30017,108,34.8869,1002.7577,768.0,BL8,-0.011,2022-10-05 05:23:02,650167.94,12,1.899705e+07,1
345,71.95417,-150.30017,108,34.9201,1501.4738,767.0,BL8,-0.3388,2022-10-05 05:23:02,365508.6,12,9.283973e+06,1
345,71.95417,-150.30017,108,34.9441,2002.0543,766.0,BL8,-0.3997,2022-10-05 05:23:02,136857.77,12,2.1518412e+06,1
345,71.95417,-150.30017,108,34.9595,2962.544,765.0,BL8,-0.3213,2022-10-05 05:23:02,70982.516,12,136111.12,1
345,78.30617,-153.21217,108,27.5739,5.803205,459.0,CB10,-1.4778,2022-09-29 07:18:31,236449.36,12,8.650105e+06,1
345,78.30617,-153.21217,108,31.8668,60.36603,453.0,CB10,-1.4003,2022-09-29 07:18:31,573725.9,12,6.7090065e+06,1
345,78.30617,-153.21217,108,33.1653,152.31578,449.0,CB10,-1.4512,2022-09-29 07:18:31,352132.97,12,1.1568399e+07,1
345,78.30617,-153.21217,108,34.4223,227.1655,446.0,CB10,-0.7144,2022-09-29 07:18:31,393875.12,12,1.7949646e+07,1
345,78.30617,-153.21217,108,34.719,291.15692,444.0,CB10,0.4488,2022-09-29 07:18:31,397920.88,12,1.6365387e+07,1
345,78.30617,-153.21217,108,34.8489,438.64542,443.0,CB10,0.9123,2022-09-29 07:18:31,869571.44,12,1.7599888e+07,1
345,78.30617,-153.21217,108,34.8721,603.0976,441.0,CB10,0.7515,2022-09-29 07:18:31,409030.94,12,1.684162e+07,1
345,78.30617,-153.21217,108,34.8819,803.2659,440.0,CB10,0.3802,2022-09-29 07:18:31,406834.62,12,1.7268906e+07,1
345,78.30617,-153.21217,108,34.8886,1003.2225,439.0,CB10,0.1027,2022-09-29 07:18:31,326185.16,12,1.741953e+07,1
345,78.30617,-153.21217,108,34.9125,1503.7498,438.0,CB10,-0.2933,2022-09-29 07:18:31,395881.53,12,1.1894511e+07,1
345,78.30617,-153.21217,108,34.9452,2003.2317,437.0,CB10,-0.3997,2022-09-29 07:18:31,125238.086,12,1.9818086e+06,1
345,78.30617,-153.21217,108,34.9554,2404.5703,436.0,CB10,-0.3731,2022-09-29 07:18:31,99646.44,12,477822.7,1
345,78.9975,-149.28984,108,26.638,6.4738913,435.0,CB11,-1.4046,2022-09-28 05:29:08,370673.38,12,8.49441e+06,1
345,78.9975,-149.28984,108,31.1562,48.196518,430.0,CB11,0.4882,2022-09-28 05:29:08,252167.17,12,8.1617205e+06,1
345,78.9975,-149.28984,108,31.8855,76.422935,429.0,CB11,-0.6234,2022-09-28 05:29:08,370034.97,12,8.586851e+06,1
345,78.9975,-149.28984,108,33.1394,179.15092,425.0,CB11,-1.4691,2022-09-28 05:29:08,421777.03,12,1.1464113e+07,1
345,78.9975,-149.28984,108,34.4213,258.4547,422.0,CB11,-0.4029,2022-09-28 05:29:08,707840.1,12,2.4706666e+07,1
345,78.9975,-149.28984,108,34.7217,326.40707,421.0,CB11,0.4134,2022-09-28 05:29:08,929924.56,12,2.4110046e+07,1
345,78.9975,-149.28984,108,34.8584,507.774,419.0,CB11,0.8479,2022-09-28 05:29:08,822955.44,12,2.1187066e+07,1
345,78.9975,-149.28984,108,34.8622,603.7674,418.0,CB11,0.6372,2022-09-28 05:29:08,1.02470375e+06,12,2.0868716e+07,1
345,78.9975,-149.28984,108,34.8733,803.7271,417.0,CB11,0.3077,2022-09-28 05:29:08,547760.2,12,2.1688046e+07,1
345,78.9975,-149.28984,108,34.8832,1003.9362,416.0,CB11,0.0545,2022-09-28 05:29:08,524047.2,12,1.9512892e+07,1
345,78.9975,-149.28984,108,34.912,1503.693,415.0,CB11,-0.2902,2022-09-28 05:29:08,348161.62,12,1.0606009e+07,1
345,78.9975,-149.28984,108,34.9422,2003.6576,414.0,CB11,-0.4002,2022-09-28 05:29:08,122201.52,12,2.2076905e+06,1
345,78.9975,-149.28984,108,34.9591,3718.1765,412.0,CB11,-0.2562,2022-09-28 05:29:08,23929.916,12,9349.85,1
345,77.00633,-140.04016,108,25.8748,5.7015777,315.0,CB15,-1.3927,2022-09-24 02:01:43,156605.25,12,8.477236e+06,1
345,77.00633,-140.04016,108,31.1531,60.844883,310.0,CB15,0.3295,2022-09-24 02:01:43,193738.39,12,8.680313e+06,1
345,77.00633,-140.04016,108,31.8773,86.954,309.0,CB15,-0.5846,2022-09-24 02:01:43,173845.45,12,8.2154315e+06,1
345,77.00633,-140.04016,108,33.1184,202.01295,305.0,CB15,-1.4689,2022-09-24 02:01:43,245102.9,12,1.1554688e+07,1
345,77.00633,-140.04016,108,34.4319,275.96976,302.0,CB15,-0.3448,2022-09-24 02:01:43,516903.78,12,2.696512e+07,1
345,77.00633,-140.04016,108,34.721,341.9773,301.0,CB15,0.422,2022-09-24 02:01:43,591951.3,12,2.397456e+07,1
345,77.00633,-140.04016,108,34.8448,494.94208,299.0,CB15,0.823,2022-09-24 02:01:43,387769.62,12,2.1412638e+07,1
345,77.00633,-140.04016,108,34.859,602.13135,298.0,CB15,0.6296,2022-09-24 02:01:43,388860.12,12,2.2189262e+07,1
345,77.00633,-140.04016,108,34.8711,802.16284,297.0,CB15,0.2837,2022-09-24 02:01:43,406242.34,12,2.0238162e+07,1
345,77.00633,-140.04016,108,34.8804,1002.9203,296.0,CB15,0.0208,2022-09-24 02:01:43,364364.06,12,1.9832992e+07,1
345,77.00633,-140.04016,108,34.9142,1502.8949,295.0,CB15,-0.2843,2022-09-24 02:01:43,248025.3,12,9.392367e+06,1
345,77.00633,-140.04016,108,34.9432,2002.3699,294.0,CB15,-0.4036,2022-09-24 02:01:43,106616.73,12,1.9595255e+06,1
345,77.00633,-140.04016,108,34.9589,3627.2786,292.0,CB15,-0.2655,2022-09-24 02:01:43,13069.318,12,61424.38,1
345,78.001,-140.01633,108,26.3704,5.758745,339.0,CB16,-1.3592,2022-09-24 23:19:08,325526.8,12,8.408383e+06,1
345,78.001,-140.01633,108,30.6287,47.06654,334.0,CB16,0.3873,2022-09-24 23:19:08,309615.66,12,7.9693835e+06,1
345,78.001,-140.01633,108,31.8451,77.02014,333.0,CB16,-0.6534,2022-09-24 23:19:08,310309.72,12,8.319679e+06,1
345,78.001,-140.01633,108,33.1519,189.14714,329.0,CB16,-1.4336,2022-09-24 23:19:08,543610.7,12,1.2788863e+07,1
345,78.001,-140.01633,108,34.43,262.90808,326.0,CB16,-0.3636,2022-09-24 23:19:08,628855.4,12,2.5591572e+07,1
345,78.001,-140.01633,108,34.8526,486.85312,323.0,CB16,0.8105,2022-09-24 23:19:08,570681.5,12,2.1302874e+07,1
345,78.001,-140.01633,108,34.8603,602.41876,322.0,CB16,0.5962,2022-09-24 23:19:08,1.2325174e+06,12,2.1959148e+07,1
345,78.001,-140.01633,108,34.8718,802.70734,321.0,CB16,0.2653,2022-09-24 23:19:08,504115.2,12,2.0051836e+07,1
345,78.001,-140.01633,108,34.8822,1002.9897,320.0,CB16,0.0107,2022-09-24 23:19:08,607369.56,12,1.9486368e+07,1
345,78.001,-140.01633,108,34.9116,1468.9,319.0,CB16,-0.289,2022-09-24 23:19:08,273432.12,12,1.1649393e+07,1
345,78.001,-140.01633,108,34.944,2003.128,318.0,CB16,-0.4046,2022-09-24 23:19:08,108162.086,12,1.6039321e+06,1
345,78.001,-140.01633,108,34.959,3653.0896,316.0,CB16,-0.2628,2022-09-24 23:19:08,31262.047,12,55358.83,1
345,75.988335,-140.00717,108,25.7945,5.7384343,243.0,CB17,-1.3624,2022-09-22 02:02:41,408259.75,12,9.990829e+06,1
345,75.988335,-140.00717,108,30.3419,41.95641,240.0,CB17,0.8756,2022-09-22 02:02:41,375605.5,12,9.504347e+06,1
345,75.988335,-140.00717,108,31.7998,84.07334,237.0,CB17,-0.4644,2022-09-22 02:02:41,268545.34,12,8.618698e+06,1
345,75.988335,-140.00717,108,33.169,208.2852,233.0,CB17,-1.4235,2022-09-22 02:02:41,293825.3,12,1.2482088e+07,1
345,75.988335,-140.00717,108,34.4246,284.0444,230.0,CB17,-0.365,2022-09-22 02:02:41,1.0431717e+06,12,2.5545416e+07,1
345,75.988335,-140.00717,108,34.8492,508.33908,227.0,CB17,0.8199,2022-09-22 02:02:41,582023.4,12,2.2878544e+07,1
345,75.988335,-140.00717,108,34.8571,602.6238,226.0,CB17,0.6428,2022-09-22 02:02:41,769491.94,12,2.5355972e+07,1
345,75.988335,-140.00717,108,34.8795,1002.9159,224.0,CB17,0.0176,2022-09-22 02:02:41,382670.56,12,2.1889388e+07,1
345,75.988335,-140.00717,108,34.9151,1502.8687,223.0,CB17,-0.2919,2022-09-22 02:02:41,247543.05,12,9.730048e+06,1
345,75.988335,-140.00717,108,34.9431,2002.6338,222.0,CB17,-0.4034,2022-09-22 02:02:41,110876.78,12,2.2923972e+06,1
345,75.988335,-140.00717,108,34.959,3586.6294,220.0,CB17,-0.2694,2022-09-22 02:02:41,26125.062,12,85806.65,1
345,75.01683,-140.07683,108,25.1384,5.8336844,219.0,CB18,-1.3398,2022-09-21 16:12:10,193252.67,12,8.703718e+06,1
345,75.01683,-140.07683,108,30.863,57.975155,216.0,CB18,0.6449,2022-09-21 16:12:10,230415.08,12,8.766011e+06,1
345,75.01683,-140.07683,108,31.8302,100.38636,214.0,CB18,-0.5203,2022-09-21 16:12:10,172092.38,12,8.158647e+06,1
345,75.01683,-140.07683,108,33.1514,212.3475,210.0,CB18,-1.4263,2022-09-21 16:12:10,406162.78,12,1.2414129e+07,1
345,75.01683,-140.07683,108,34.4436,292.35483,207.0,CB18,-0.2553,2022-09-21 16:12:10,701485.1,12,3.0345082e+07,1
345,75.01683,-140.07683,108,34.7155,355.83777,206.0,CB18,0.4168,2022-09-21 16:12:10,662190.5,12,2.751326e+07,1
345,75.01683,-140.07683,108,34.8406,502.7906,204.0,CB18,0.7941,2022-09-21 16:12:10,484332.44,12,2.359717e+07,1
345,75.01683,-140.07683,108,34.8564,602.33527,203.0,CB18,0.6448,2022-09-21 16:12:10,458766.5,12,2.3213188e+07,1
345,75.01683,-140.07683,108,34.8682,803.2089,202.0,CB18,0.2788,2022-09-21 16:12:10,472124.4,12,2.2340296e+07,1
345,75.01683,-140.07683,108,34.8793,1002.6651,201.0,CB18,0.023,2022-09-21 16:12:10,439135.53,12,2.1109556e+07,1
345,75.01683,-140.07683,108,34.9145,1502.7395,200.0,CB18,-0.2918,2022-09-21 16:12:10,261067.67,12,9.566325e+06,1
345,75.01683,-140.07683,108,34.9436,2002.2642,199.0,CB18,-0.4043,2022-09-21 16:12:10,70373.26,12,2.0148429e+06,1
345,75.01683,-140.07683,108,34.959,3524.237,196.0,CB18,-0.2756,2022-09-21 16:12:10,8994.188,12,40563.22,1
345,73.00066,-150.0015,108,25.6193,4.179505,836.0,CB2,0.1557,2022-10-05 15:22:55,415505.9,12,9.274797e+06,1
345,73.00066,-150.0015,108,25.6194,9.313953,831.0,CB2,0.1689,2022-10-05 15:22:55,409189.12,12,1.0027072e+07,1
345,73.00066,-150.0015,108,31.8644,85.45647,830.0,CB2,-0.5445,2022-10-05 15:22:55,550158.1,12,8.54533e+06,1
345,73.00066,-150.0015,108,33.1154,199.65855,826.0,CB2,-1.3376,2022-10-05 15:22:55,629129.0,12,1.2502245e+07,1
345,73.00066,-150.0015,108,34.4686,284.78552,823.0,CB2,-0.1532,2022-10-05 15:22:55,2.7281095e+06,12,2.767347e+07,1
345,73.00066,-150.0015,108,34.7116,353.86823,822.0,CB2,0.4177,2022-10-05 15:22:55,1.1744681e+06,12,2.4324732e+07,1
345,73.00066,-150.0015,108,34.8458,512.545,820.0,CB2,0.8361,2022-10-05 15:22:55,1.4426346e+06,12,2.230097e+07,1
345,73.00066,-150.0015,108,34.8716,802.8022,818.0,CB2,0.351,2022-10-05 15:22:55,620355.94,12,2.2763766e+07,1
345,73.00066,-150.0015,108,34.8808,1002.89307,817.0,CB2,0.1023,2022-10-05 15:22:55,629913.8,12,2.036414e+07,1
345,73.00066,-150.0015,108,34.91,1502.6187,816.0,CB2,-0.2747,2022-10-05 15:22:55,563378.06,12,1.4601075e+07,1
345,73.00066,-150.0015,108,34.9592,3649.7542,813.0,CB2,-0.2624,2022-10-05 15:22:55,20908.844,12,6231.1626,1
345,73.97117,-139.80766,108,30.998,64.70968,922.0,CB21,0.5305,2022-10-08 11:12:36,1.1411305e+06,12,8.1174075e+06,1
345,73.97117,-139.80766,108,31.8375,92.49165,921.0,CB21,-0.5247,2022-10-08 11:12:36,735970.0,12,8.679279e+06,1
345,73.984665,-139.90567,108,34.7246,359.03638,908.0,CB21,0.4455,2022-10-08 07:24:16,2.3226465e+06,12,2.703647e+07,1
345,73.984665,-139.90567,108,34.8344,474.4461,903.0,CB21,0.7637,2022-10-08 07:24:16,722580.44,12,2.706436e+07,1
345,73.984665,-139.90567,108,34.8672,801.7667,901.0,CB21,0.2771,2022-10-08 07:24:16,1.7803218e+06,12,2.5718552e+07,1
345,73.984665,-139.90567,108,34.8796,1000.89923,896.0,CB21,0.0257,2022-10-08 07:24:16,1.393996e+06,12,2.0723738e+07,1
345,73.984665,-139.90567,108,34.9433,2001.0637,892.0,CB21,-0.4036,2022-10-08 07:24:16,919013.25,12,3.609472e+06,1
345,73.984665,-139.90567,108,34.9553,2502.5005,891.0,CB21,-0.3773,2022-10-08 07:24:16,44472.42,12,192400.17,1
345,73.00933,-139.91484,108,24.7561,5.7164855,980.0,CB27,-1.3463,2022-10-10 08:17:35,611741.0,12,7.4942605e+06,1
345,73.00933,-139.91484,108,31.2706,65.16002,975.0,CB27,0.2058,2022-10-10 08:17:35,648195.0,12,9.149186e+06,1
345,73.00933,-139.91484,108,31.867,90.35437,974.0,CB27,-0.5499,2022-10-10 08:17:35,361415.56,12,8.706286e+06,1
345,73.00933,-139.91484,108,33.1614,215.3868,970.0,CB27,-1.4211,2022-10-10 08:17:35,774198.6,12,1.2152903e+07,1
345,73.00933,-139.91484,108,34.4421,307.01672,967.0,CB27,-0.2268,2022-10-10 08:17:35,1.2422962e+06,12,3.090534e+07,1
345,73.00933,-139.91484,108,34.7194,390.8268,966.0,CB27,0.4165,2022-10-10 08:17:35,1.4829332e+06,12,2.9007286e+07,1
345,73.00933,-139.91484,108,34.82,460.9413,964.0,CB27,0.6168,2022-10-10 08:17:35,1.0288692e+06,12,2.6213816e+07,1
345,73.00933,-139.91484,108,34.8619,602.94904,963.0,CB27,0.3433,2022-10-10 08:17:35,959803.5,12,2.5227968e+07,1
345,73.00933,-139.91484,108,34.8739,802.722,962.0,CB27,0.1098,2022-10-10 08:17:35,689195.25,12,2.4141388e+07,1
345,73.00933,-139.91484,108,34.9169,1502.953,960.0,CB27,-0.3236,2022-10-10 08:17:35,419747.3,12,1.047129e+07,1
345,73.00933,-139.91484,108,34.9445,2002.2766,959.0,CB27,-0.4046,2022-10-10 08:17:35,250069.27,12,2.0985782e+06,1
345,73.00933,-139.91484,108,34.959,3198.6462,957.0,CB27,-0.3048,2022-10-10 08:17:35,44935.426,12,35791.88,1
345,71.01033,-139.98933,108,31.506,60.68064,1022.0,CB28b,-0.5917,2022-10-10 22:10:52,535537.25,12,1.0210963e+07,1
345,71.01033,-139.98933,108,31.9147,73.45103,1021.0,CB28b,-0.899,2022-10-10 22:10:52,359499.12,12,9.209123e+06,1
345,71.01033,-139.98933,108,33.1826,170.79872,1016.0,CB28b,-1.2913,2022-10-10 22:10:52,439857.1,12,1.5684161e+07,1
345,71.01033,-139.98933,108,34.4245,246.70149,1013.0,CB28b,-0.2297,2022-10-10 22:10:52,1.1346326e+06,12,2.9759958e+07,1
345,71.01033,-139.98933,108,34.7111,316.84518,1012.0,CB28b,0.4187,2022-10-10 22:10:52,1.1293755e+06,12,2.388418e+07,1
345,71.01033,-139.98933,108,34.8314,469.68198,1010.0,CB28b,0.731,2022-10-10 22:10:52,1.1759655e+06,12,2.3158798e+07,1
345,71.01033,-139.98933,108,34.9509,2076.547,1005.0,CB28b,-0.3883,2022-10-10 22:10:52,109136.016,12,1.1118516e+06,1
345,75.005165,-150.0805,108,25.3609,6.1048326,648.0,CB4,-1.0969,2022-10-03 04:43:09,366578.75,12,8.795519e+06,1
345,75.005165,-150.0805,108,31.3103,65.325775,641.0,CB4,0.2279,2022-10-03 04:43:09,315268.25,12,9.127421e+06,1
345,75.005165,-150.0805,108,34.4269,280.95178,629.0,CB4,-0.2461,2022-10-03 04:43:09,1.4651188e+06,12,3.378429e+07,1
345,75.005165,-150.0805,108,34.71,349.4867,603.0,CB4,0.4112,2022-10-02 03:41:37,749237.9,12,2.8624338e+07,1
345,75.005165,-150.0805,108,34.8324,484.35825,598.0,CB4,0.7709,2022-10-02 03:41:37,793070.0,12,2.3437504e+07,1
345,75.005165,-150.0805,108,34.8555,603.0529,597.0,CB4,0.6784,2022-10-02 03:41:37,1.0663586e+06,12,2.5365832e+07,1
345,75.005165,-150.0805,108,34.868,802.94714,596.0,CB4,0.3518,2022-10-02 03:41:37,593061.94,12,2.4032298e+07,1
345,75.005165,-150.0805,108,34.8775,1001.3184,592.0,CB4,0.091,2022-10-02 03:41:37,631307.7,12,2.1530418e+07,1
345,75.005165,-150.0805,108,34.9083,1501.3364,591.0,CB4,-0.2663,2022-10-02 03:41:37,551988.8,12,1.1669463e+07,1
345,75.005165,-150.0805,108,34.9402,2001.4674,588.0,CB4,-0.3944,2022-10-02 03:41:37,329423.72,12,3.233856e+06,1
345,75.005165,-150.0805,108,34.959,3718.407,582.0,CB4,-0.2558,2022-10-02 03:41:37,50322.105,12,168277.78,1
345,75.2995,-153.3045,108,25.5449,5.9177227,627.0,CB5,-1.3633,2022-10-02 13:17:47,299011.12,12,7.9432435e+06,1
345,75.2995,-153.3045,108,31.2146,62.612278,624.0,CB5,0.3149,2022-10-02 13:17:47,253275.94,12,8.919032e+06,1
345,75.2995,-153.3045,108,31.8141,85.350975,623.0,CB5,-0.5139,2022-10-02 13:17:47,246870.58,12,8.325018e+06,1
345,75.2995,-153.3045,108,33.1514,199.45436,619.0,CB5,-1.4902,2022-10-02 13:17:47,311652.9,12,1.2531688e+07,1
345,75.2995,-153.3045,108,34.447,276.67288,616.0,CB5,-0.2313,2022-10-02 13:17:47,570973.44,12,2.723485e+07,1
345,75.2995,-153.3045,108,34.7125,339.35367,614.0,CB5,0.4111,2022-10-02 13:17:47,547279.9,12,2.6292894e+07,1
345,75.2995,-153.3045,108,34.837,468.54898,612.0,CB5,0.7787,2022-10-02 13:17:47,490945.7,12,2.374247e+07,1
345,75.2995,-153.3045,108,34.8577,603.46515,611.0,CB5,0.5909,2022-10-02 13:17:47,511025.94,12,2.3607358e+07,1
345,75.2995,-153.3045,108,34.8703,803.9605,610.0,CB5,0.2486,2022-10-02 13:17:47,448702.25,12,2.2816682e+07,1
345,75.2995,-153.3045,108,34.8816,1003.7088,609.0,CB5,0.0063,2022-10-02 13:17:47,348607.16,12,2.1457148e+07,1
345,75.2995,-153.3045,108,34.9027,1503.013,608.0,CB5,-0.1999,2022-10-02 13:17:47,344711.94,12,1.5058838e+07,1
345,75.2995,-153.3045,108,34.9322,2003.2987,607.0,CB5,-0.3717,2022-10-02 13:17:47,580676.6,12,3.9708718e+06,1
345,75.2995,-153.3045,108,34.9589,3743.9978,604.0,CB5,-0.2532,2022-10-02 13:17:47,26316.803,12,49230.723,1
345,73.499664,-130.90334,108,27.1105,6.570415,167.0,CB51,-1.2456,2022-09-20 11:29:12,439716.53,12,8.884639e+06,1
345,73.499664,-130.90334,108,31.0359,52.150738,164.0,CB51,0.2594,2022-09-20 11:29:12,513983.84,12,8.305101e+06,1
345,73.499664,-130.90334,108,31.9551,82.17186,163.0,CB51,-0.668,2022-09-20 11:29:12,840080.06,12,5.6437485e+06,1
345,73.499664,-130.90334,108,33.1783,175.94856,159.0,CB51,-1.3542,2022-09-20 11:29:12,888082.25,12,1.3053364e+07,1
345,73.499664,-130.90334,108,34.4369,245.8392,156.0,CB51,-0.1954,2022-09-20 11:29:12,1.6416174e+06,12,2.2517038e+07,1
345,73.499664,-130.90334,108,34.7121,307.1464,155.0,CB51,0.3856,2022-09-20 11:29:12,996832.56,12,2.125728e+07,1
345,73.499664,-130.90334,108,34.8335,443.1172,152.0,CB51,0.7195,2022-09-20 11:29:12,725725.6,12,2.3033084e+07,1
345,73.499664,-130.90334,108,34.855,602.62604,150.0,CB51,0.4918,2022-09-20 11:29:12,734171.7,12,2.5296908e+07,1
345,73.499664,-130.90334,108,34.9459,2002.0668,146.0,CB51,-0.3983,2022-09-20 11:29:12,155719.9,12,1.4389004e+06,1
345,73.499664,-130.90334,108,34.9578,2484.6677,145.0,CB51,-0.3619,2022-09-20 11:29:12,41813.527,12,153078.95,1
345,77.00433,-149.91417,108,25.9817,6.6287374,555.0,CB8,-1.3878,2022-10-01 01:40:14,732534.6,12,1.0153101e+07,1
345,77.00433,-149.91417,108,31.3353,62.1477,550.0,CB8,0.2078,2022-10-01 01:40:14,570296.6,12,9.100265e+06,1
345,77.00433,-149.91417,108,31.86,84.043045,549.0,CB8,-0.558,2022-10-01 01:40:14,487036.88,12,7.799336e+06,1
345,77.00433,-149.91417,108,33.129,195.96593,545.0,CB8,-1.4812,2022-10-01 01:40:14,501105.5,12,1.1990715e+07,1
345,77.00433,-149.91417,108,34.713,345.8922,541.0,CB8,0.3942,2022-10-01 01:40:14,1.1309456e+06,12,2.8231094e+07,1
345,77.00433,-149.91417,108,34.8383,466.4503,539.0,CB8,0.8288,2022-10-01 01:40:14,645692.0,12,2.4232782e+07,1
345,77.00433,-149.91417,108,34.8634,603.82446,538.0,CB8,0.7359,2022-10-01 01:40:14,518775.06,12,2.073342e+07,1
345,77.00433,-149.91417,108,34.8802,1003.1853,536.0,CB8,0.0821,2022-10-01 01:40:14,511644.88,12,2.1858386e+07,1
345,77.00433,-149.91417,108,34.9088,1502.6356,535.0,CB8,-0.2748,2022-10-01 01:40:14,785848.7,12,1.2717519e+07,1
345,77.00433,-149.91417,108,34.9413,2002.9541,534.0,CB8,-0.3974,2022-10-01 01:40:14,341289.78,12,2.8124555e+06,1
345,77.00433,-149.91417,108,34.959,3726.8257,532.0,CB8,-0.2551,2022-10-01 01:40:14,32730.193,12,71045.19,1
345,78.00467,-149.946,108,26.3271,6.3731985,480.0,CB9,-1.4008,2022-09-29 13:35:04,503094.44,12,9.305549e+06,1
345,78.00467,-149.946,108,31.3308,53.332413,473.0,CB9,0.2213,2022-09-29 13:35:04,319363.06,12,8.762733e+06,1
345,78.00467,-149.946,108,31.8338,73.02308,472.0,CB9,-0.504,2022-09-29 13:35:04,333879.9,12,8.534958e+06,1
345,78.00467,-149.946,108,33.111,173.61012,464.0,CB9,-1.5079,2022-09-29 13:35:04,378025.88,12,1.093758e+07,1
345,78.00467,-149.946,108,34.8486,470.37003,503.0,CB9,0.9056,2022-09-30 00:43:15,631790.25,12,1.8920048e+07,1
345,78.00467,-149.946,108,34.8583,602.4412,501.0,CB9,0.6622,2022-09-30 00:43:15,1.0787541e+06,12,2.344594e+07,1
345,78.00467,-149.946,108,34.8808,803.30725,500.0,CB9,0.4161,2022-09-30 00:43:15,699861.06,12,1.8357844e+07,1
345,78.00467,-149.946,108,34.8873,1001.76337,496.0,CB9,0.1473,2022-09-30 00:43:15,839874.9,12,1.7271424e+07,1
345,78.00467,-149.946,108,34.9095,1501.945,495.0,CB9,-0.2667,2022-09-30 00:43:15,535810.44,12,1.3201377e+07,1
345,78.00467,-149.946,108,34.942,2001.6083,492.0,CB9,-0.3981,2022-09-30 00:43:15,172045.53,12,2.7188785e+06,1
345,78.00467,-149.946,108,34.959,3715.2405,486.0,CB9,-0.2558,2022-09-30 00:43:15,36834.23,12,116682.336,1
345,78.00467,-149.946,108,34.4185,252.26862,461.0,CB9,-0.7423,2022-09-29 13:35:04,1.4223094e+06,12,1.8488524e+07,1
345,78.00467,-149.946,108,34.7134,317.85934,460.0,CB9,0.407,2022-09-29 13:35:04,1.1881298e+06,12,2.4769784e+07,1
345,79.6915,-139.75233,108,27.0706,6.0275207,410.0,NE1,-1.4618,2022-09-27 04:20:57,397027.53,12,8.414379e+06,1
345,79.6915,-139.75233,108,28.9616,27.107601,408.0,NE1,-1.1792,2022-09-27 04:20:57,348000.7,12,9.029657e+06,1
345,79.6915,-139.75233,108,31.8611,80.20724,406.0,NE1,-0.6566,2022-09-27 04:20:57,356426.94,12,8.2978275e+06,1
345,79.6915,-139.75233,108,33.1493,176.99265,402.0,NE1,-1.4492,2022-09-27 04:20:57,420865.44,12,1.2792796e+07,1
345,79.6915,-139.75233,108,34.7211,316.74002,397.0,NE1,0.3967,2022-09-27 04:20:57,457654.72,12,2.036876e+07,1
345,79.6915,-139.75233,108,34.857,488.68375,369.0,NE1,0.8438,2022-09-27 02:23:02,863698.06,12,2.0319154e+07,1
345,79.6915,-139.75233,108,34.8631,602.7942,368.0,NE1,0.5881,2022-09-27 02:23:02,766886.8,12,2.1489764e+07,1
345,79.6915,-139.75233,108,34.872,803.0054,367.0,NE1,0.2444,2022-09-27 02:23:02,763890.3,12,2.0802052e+07,1
345,79.6915,-139.75233,108,34.8835,1001.66266,366.0,NE1,0.0159,2022-09-27 02:23:02,380698.38,12,1.8554522e+07,1
345,79.6915,-139.75233,108,34.9438,2002.0999,393.0,NE1,-0.4041,2022-09-27 04:20:57,109382.29,12,1.6130415e+06,1
345,79.6915,-139.75233,108,34.959,3660.7048,391.0,NE1,-0.262,2022-09-27 04:20:57,26438.455,12,38950.055,1
345,72.59967,-144.68266,108,24.8759,4.712056,884.0,Stn A,0.4311,2022-10-07 17:13:40,285759.0,12,8.3836375e+06,1
345,72.59967,-144.68266,108,30.2167,41.41506,881.0,Stn A,0.4746,2022-10-07 17:13:40,213369.64,12,9.798799e+06,1
345,72.59967,-144.68266,108,29.4583,84.01088,878.0,Stn A,-0.3146,2022-10-07 17:13:40,375940.2,12,8.916264e+06,1
345,72.59967,-144.68266,108,32.3341,120.89943,877.0,Stn A,-1.2253,2022-10-07 17:13:40,400554.16,12,9.670621e+06,1
345,72.59967,-144.68266,108,32.6171,151.64568,876.0,Stn A,-1.3464,2022-10-07 17:13:40,462251.2,12,1.0121293e+07,1
345,72.59967,-144.68266,108,32.9366,182.98557,875.0,Stn A,-1.4302,2022-10-07 17:13:40,375701.34,12,1.1910227e+07,1
345,72.59967,-144.68266,108,33.1058,194.95715,874.0,Stn A,-1.3997,2022-10-07 17:13:40,338343.4,12,1.2218208e+07,1
345,72.59967,-144.68266,108,33.6471,219.50925,873.0,Stn A,-1.1367,2022-10-07 17:13:40,475691.22,12,1.9418706e+07,1
345,72.59967,-144.68266,108,34.1582,248.6531,872.0,Stn A,-0.6755,2022-10-07 17:13:40,788968.7,12,2.6246246e+07,1
345,72.59967,-144.68266,108,34.4281,272.30426,871.0,Stn A,-0.2421,2022-10-07 17:13:40,844018.56,12,3.1795716e+07,1
345,72.59967,-144.68266,108,34.7216,345.6502,870.0,Stn A,0.4411,2022-10-07 17:13:40,2.3569028e+06,12,2.3131268e+07,1
345,72.59967,-144.68266,108,34.7894,396.7394,869.0,Stn A,0.6398,2022-10-07 17:13:40,761735.25,12,2.3895516e+07,1
345,72.59967,-144.68266,108,34.832,471.8638,868.0,Stn A,0.7401,2022-10-07 17:13:40,660365.44,12,2.4825356e+07,1
345,72.59967,-144.68266,108,34.8541,602.90076,867.0,Stn A,0.61,2022-10-07 17:13:40,653234.2,12,2.4218614e+07,1
345,72.59967,-144.68266,108,34.8675,802.51733,866.0,Stn A,0.3049,2022-10-07 17:13:40,427695.94,12,2.1637712e+07,1
345,72.59967,-144.68266,108,34.878,1003.1977,865.0,Stn A,0.0463,2022-10-07 17:13:40,387192.84,12,2.1707092e+07,1
345,72.59967,-144.68266,108,34.9116,1502.6344,864.0,Stn A,-0.292,2022-10-07 17:13:40,274401.22,12,1.2623687e+07,1
345,72.59967,-144.68266,108,34.9431,2002.7428,863.0,Stn A,-0.4021,2022-10-07 17:13:40,180560.25,12,2.2484378e+06,1
345,72.59967,-144.68266,108,34.9536,2392.6992,862.0,Stn A,-0.3842,2022-10-07 17:13:40,67117.95,12,502414.3,1
345,72.59967,-144.68266,108,34.959,3333.0073,861.0,Stn A,-0.2931,2022-10-07 17:13:40,49042.363,12,138694.52,1
345,78.303,-153.24283,108,34.94895,2273.4536,549.0,CB10,-0.37985,2023-09-28 06:29:38,87644.25,12,796695.9,1
345,78.303,-153.24283,108,34.9393,2003.3643,550.0,CB10,-0.3932,2023-09-28 06:29:38,234546.72,12,2.7976555e+06,1
345,78.303,-153.24283,108,34.90455,1502.8707,551.0,CB10,-0.2497,2023-09-28 06:29:38,449083.53,12,1.3601533e+07,1
345,78.303,-153.24283,108,34.8828,1003.1813,552.0,CB10,0.1648,2023-09-28 06:29:38,427405.5,12,1.842857e+07,1
345,78.303,-153.24283,108,34.87485,802.786,553.0,CB10,0.42625,2023-09-28 06:29:38,644778.2,12,1.8188238e+07,1
345,78.303,-153.24283,108,34.86575,603.0,554.0,CB10,0.8084,2023-09-28 06:29:38,475883.3,12,1.6588024e+07,1
345,78.303,-153.24283,108,34.731,297.938,558.0,CB10,0.5571,2023-09-28 06:29:38,443754.6,12,1.6601883e+07,1
345,78.303,-153.24283,108,34.40815,237.72804,559.0,CB10,-0.53125,2023-09-28 06:29:38,619639.7,12,2.5428374e+07,1
345,78.303,-153.24283,108,33.71775,192.14429,561.0,CB10,-1.03335,2023-09-28 06:29:38,647782.94,12,2.2560764e+07,1
345,78.303,-153.24283,108,33.1233,162.86142,562.0,CB10,-1.2955,2023-09-28 06:29:38,439571.3,12,1.1765669e+07,1
345,78.303,-153.24283,108,31.038,37.413677,568.0,CB10,-0.6828,2023-09-28 06:29:38,238739.62,12,9.41505e+06,1
345,78.303,-153.24283,108,26.4881,5.693377,572.0,CB10,-1.43045,2023-09-28 06:29:38,422305.16,12,8.571447e+06,1
345,75.29867,-153.29933,108,34.95525,3743.3154,645.0,CB5,-0.25285,2023-09-30 04:34:14,39548.734,12,105548.55,1
345,75.29867,-153.29933,108,34.9365,2002.9156,648.0,CB5,-0.3957,2023-09-30 04:34:14,133739.81,12,2.995913e+06,1
345,75.29867,-153.29933,108,34.90395,1503.7675,649.0,CB5,-0.26925,2023-09-30 04:34:14,429300.72,12,1.2685776e+07,1
345,75.29867,-153.29933,108,34.87685,1004.08307,650.0,CB5,0.1231,2023-09-30 04:34:14,437456.56,12,1.9189478e+07,1
345,75.29867,-153.29933,108,34.8671,803.5554,651.0,CB5,0.4028,2023-09-30 04:34:14,491825.66,12,2.1380548e+07,1
345,75.29867,-153.29933,108,34.85305,603.02606,652.0,CB5,0.72665,2023-09-30 04:34:14,784481.8,12,2.2626924e+07,1
345,75.29867,-153.29933,108,34.84055,527.845,653.0,CB5,0.81795,2023-09-30 04:34:14,772217.3,12,2.3172808e+07,1
345,75.29867,-153.29933,108,34.71625,366.94553,655.0,CB5,0.4342,2023-09-30 04:34:14,849157.4,12,2.6071938e+07,1
345,75.29867,-153.29933,108,34.37825,295.2484,657.0,CB5,-0.33825,2023-09-30 04:34:14,693486.4,12,2.9705214e+07,1
345,75.29867,-153.29933,108,34.14995,273.08646,658.0,CB5,-0.6788,2023-09-30 04:34:14,782742.25,12,2.9612954e+07,1
345,75.29867,-153.29933,108,33.71095,246.07799,659.0,CB5,-1.0853,2023-09-30 04:34:14,617469.25,12,2.4289804e+07,1
345,75.29867,-153.29933,108,33.1127,215.1078,660.0,CB5,-1.3808,2023-09-30 04:34:14,475624.6,12,1.3793762e+07,1
345,75.29867,-153.29933,108,31.8217,92.81524,664.0,CB5,-0.4844,2023-09-30 04:34:14,346777.44,12,8.649842e+06,1
345,75.29867,-153.29933,108,31.21685,68.13841,665.0,CB5,0.3806,2023-09-30 04:34:14,291967.28,12,9.559137e+06,1
345,75.29867,-153.29933,108,25.1367,5.672309,668.0,CB5,1.12545,2023-09-30 04:34:14,453965.16,12,9.596263e+06,1
345,71.51984,-151.57584,108,34.88585,1195.625,882.0,BL4,-0.01905,2023-10-04 10:45:44,583797.8,12,1.9167314e+07,1
345,71.51984,-151.57584,108,34.86635,803.0809,883.0,BL4,0.5188,2023-10-04 10:45:44,581311.6,12,2.0627648e+07,1
345,71.51984,-151.57584,108,34.8604,602.96857,884.0,BL4,0.69385,2023-10-04 10:45:44,564926.25,12,2.0619194e+07,1
345,71.51984,-151.57584,108,34.83805,393.65674,885.0,BL4,0.8549,2023-10-04 10:45:44,460920.47,12,1.962272e+07,1
345,71.51984,-151.57584,108,34.84425,403.66476,886.0,BL4,0.85535,2023-10-04 10:45:44,468481.28,12,2.0514806e+07,1
345,71.51984,-151.57584,108,34.7084,275.68985,889.0,BL4,0.41615,2023-10-04 10:45:44,609150.7,12,2.317601e+07,1
345,71.51984,-151.57584,108,34.41445,201.75786,891.0,BL4,-0.19835,2023-10-04 10:45:44,697458.94,12,2.6701058e+07,1
345,71.51984,-151.57584,108,34.1751,179.76549,892.0,BL4,-0.62745,2023-10-04 10:45:44,641453.75,12,2.8127714e+07,1
345,71.51984,-151.57584,108,33.8419,166.90224,893.0,BL4,-0.90175,2023-10-04 10:45:44,862121.1,12,2.4963972e+07,1
345,71.51984,-151.57584,108,33.32185,160.90694,894.0,BL4,-1.2832,2023-10-04 10:45:44,383259.97,12,1.2384523e+07,1
345,71.51984,-151.57584,108,32.3312,120.80164,897.0,BL4,-1.1974,2023-10-04 10:45:44,265342.3,12,8.0649545e+06,1
345,71.51984,-151.57584,108,30.4409,29.635103,900.0,BL4,4.84325,2023-10-04 10:45:44,295358.94,12,6.19826e+06,1
345,71.51984,-151.57584,108,29.9344,5.869365,902.0,BL4,4.5986,2023-10-04 10:45:44,266754.78,12,6.508957e+06,1
345,72.597664,-144.719,108,34.95465,3325.9404,940.0,Stn A,-0.29325,2023-10-05 03:56:42,29124.332,12,86286.945,1
345,72.597664,-144.719,108,34.93895,2003.7233,942.0,Stn A,-0.40285,2023-10-05 03:56:42,158535.42,12,2.296301e+06,1
345,72.597664,-144.719,108,34.90755,1503.627,943.0,Stn A,-0.29785,2023-10-05 03:56:42,458133.7,12,1.1289216e+07,1
345,72.597664,-144.719,108,34.8756,1003.1476,944.0,Stn A,0.0615,2023-10-05 03:56:42,654571.56,12,2.339738e+07,1
345,72.597664,-144.719,108,34.8658,803.81384,945.0,Stn A,0.31015,2023-10-05 03:56:42,545927.4,12,2.2015458e+07,1
345,72.597664,-144.719,108,34.85285,603.66656,946.0,Stn A,0.6133,2023-10-05 03:56:42,426448.72,12,2.3595332e+07,1
345,72.597664,-144.719,108,34.8287,461.80344,947.0,Stn A,0.76385,2023-10-05 03:56:42,596156.06,12,2.3934256e+07,1
345,72.597664,-144.719,108,34.42295,272.09967,950.0,Stn A,-0.2407,2023-10-05 03:56:42,715899.4,12,3.4357492e+07,1
345,72.597664,-144.719,108,34.19365,248.88841,951.0,Stn A,-0.6141,2023-10-05 03:56:42,1.00437706e+06,12,3.2415964e+07,1
345,72.597664,-144.719,108,33.75185,224.08379,952.0,Stn A,-1.064,2023-10-05 03:56:42,530562.06,12,2.214838e+07,1
345,72.597664,-144.719,108,33.1158,196.10713,953.0,Stn A,-1.41615,2023-10-05 03:56:42,473921.9,12,1.3340922e+07,1
345,72.597664,-144.719,108,31.8564,84.878525,957.0,Stn A,-0.56265,2023-10-05 03:56:42,355058.03,12,9.600412e+06,1
345,72.597664,-144.719,108,31.11905,58.363033,958.0,Stn A,0.07565,2023-10-05 03:56:42,308016.28,12,9.220206e+06,1
345,72.597664,-144.719,108,25.2164,5.3771396,963.0,Stn A,1.0407,2023-10-05 03:56:42,321637.66,12,9.628481e+06,1
345,70.5395,-122.94517,64,27.6802,5.849896,47.0,AG5,3.2875,2022-09-18 05:10:22,1.0041387e+11,9,6.6942576e+12,1
345,70.5395,-122.94517,64,31.2421,32.150578,41.0,AG5,-1.049,2022-09-18 05:10:22,1.5067505e+11,9,7.672627e+12,1
345,70.5395,-122.94517,64,32.8468,101.903755,37.0,AG5,-1.1744,2022-09-18 05:10:22,1.462727e+11,9,7.976902e+12,1
345,70.5395,-122.94517,64,33.2132,124.83264,36.0,AG5,-1.0952,2022-09-18 05:10:22,1.6372398e+11,9,8.0342674e+12,1
345,70.5395,-122.94517,64,34.6833,303.65738,29.0,AG5,0.2942,2022-09-18 05:10:22,1.4941441e+11,9,8.7009316e+12,1
345,70.5395,-122.94517,64,34.7131,352.5692,28.0,AG5,0.3477,2022-09-18 05:10:22,1.4537738e+11,9,8.3708787e+12,1
345,70.5395,-122.94517,64,34.7472,499.39294,26.0,AG5,0.4225,2022-09-18 05:10:22,1.2463988e+11,9,8.309325e+12,1
345,70.5395,-122.94517,64,34.7544,591.0342,25.0,AG5,0.4497,2022-09-18 05:10:22,1.23310236e+11,9,8.220682e+12,1
345,71.52067,-151.58983,64,30.2406,6.2880335,719.0,BL4,-0.8615,2022-10-04 15:18:14,1.0966119e+12,9,6.9199913e+12,1
345,71.52067,-151.58983,64,30.2397,6.4760876,718.0,BL4,-0.8633,2022-10-04 15:18:14,1.1451914e+12,9,6.771175e+12,1
345,71.52067,-151.58983,64,31.431,36.372494,716.0,BL4,-0.5816,2022-10-04 15:18:14,9.684142e+11,9,7.451741e+12,1
345,71.52067,-151.58983,64,33.1483,155.48808,710.0,BL4,-1.207,2022-10-04 15:18:14,1.15446596e+11,9,7.6964393e+12,1
345,71.52067,-151.58983,64,34.7062,303.6385,705.0,BL4,0.4056,2022-10-04 15:18:14,8.3515566e+11,9,8.5503624e+12,1
345,71.52067,-151.58983,64,34.8612,603.2054,700.0,BL4,0.7677,2022-10-04 15:18:14,6.426747e+11,9,6.0608505e+12,1
345,71.52067,-151.58983,64,34.87,803.6271,699.0,BL4,0.459,2022-10-04 15:18:14,6.292594e+11,9,6.9604375e+12,1
345,71.52067,-151.58983,64,34.8914,1152.5762,698.0,BL4,-0.0727,2022-10-04 15:18:14,5.918791e+11,9,7.2987275e+12,1
345,71.95417,-150.30017,64,29.4647,5.3911815,788.0,BL8,-0.3142,2022-10-05 05:23:02,8.085602e+11,9,6.6211965e+12,1
345,71.95417,-150.30017,64,30.9158,35.754124,783.0,BL8,-0.0506,2022-10-05 05:23:02,6.592356e+11,9,7.145075e+12,1
345,71.95417,-150.30017,64,31.8549,55.401527,782.0,BL8,-0.2421,2022-10-05 05:23:02,1.0059971e+12,9,7.321383e+12,1
345,71.95417,-150.30017,64,33.207,150.53432,778.0,BL8,-1.1938,2022-10-05 05:23:02,8.3810936e+11,9,7.382176e+12,1
345,71.95417,-150.30017,64,34.4245,227.44409,775.0,BL8,-0.2152,2022-10-05 05:23:02,7.8965624e+11,9,9.182943e+12,1
345,71.95417,-150.30017,64,34.6985,287.38004,774.0,BL8,0.3532,2022-10-05 05:23:02,7.5426116e+11,9,8.050217e+12,1
345,71.95417,-150.30017,64,34.8485,467.44626,772.0,BL8,0.8241,2022-10-05 05:23:02,1.8696974e+11,9,8.7385466e+12,1
345,71.95417,-150.30017,64,34.8618,602.1114,770.0,BL8,0.6771,2022-10-05 05:23:02,2.4977234e+11,9,8.4969243e+12,1
345,71.95417,-150.30017,64,34.8707,801.6903,769.0,BL8,0.422,2022-10-05 05:23:02,2.5820982e+11,9,8.552834e+12,1
345,71.95417,-150.30017,64,34.8869,1002.7577,768.0,BL8,-0.011,2022-10-05 05:23:02,5.407252e+11,9,6.7988084e+12,1
345,71.95417,-150.30017,64,34.9201,1501.4738,767.0,BL8,-0.3388,2022-10-05 05:23:02,5.0145283e+11,9,6.9631974e+12,1
345,71.95417,-150.30017,64,34.9441,2002.0543,766.0,BL8,-0.3997,2022-10-05 05:23:02,9.6489977e+11,9,8.2862963e+12,1
345,71.95417,-150.30017,64,34.9595,2962.544,765.0,BL8,-0.3213,2022-10-05 05:23:02,1.2541264e+11,9,7.86417e+12,1
345,78.30617,-153.21217,64,27.5739,5.803205,459.0,CB10,-1.4778,2022-09-29 07:18:31,2.084825e+11,9,5.8943875e+12,1
345,78.30617,-153.21217,64,31.8668,60.36603,453.0,CB10,-1.4003,2022-09-29 07:18:31,2.799329e+11,9,7.8171823e+12,1
345,78.30617,-153.21217,64,33.1653,152.31578,449.0,CB10,-1.4512,2022-09-29 07:18:31,,9,7.494489e+12,1
345,78.30617,-153.21217,64,34.4223,227.1655,446.0,CB10,-0.7144,2022-09-29 07:18:31,9.090949e+11,9,7.6507586e+12,1
345,78.30617,-153.21217,64,34.719,291.15692,444.0,CB10,0.4488,2022-09-29 07:18:31,8.616265e+11,9,7.702866e+12,1
345,78.30617,-153.21217,64,34.8489,438.64542,443.0,CB10,0.9123,2022-09-29 07:18:31,1.2060684e+11,9,7.774315e+12,1
345,78.30617,-153.21217,64,34.8721,603.0976,441.0,CB10,0.7515,2022-09-29 07:18:31,1.12291635e+11,9,7.486109e+12,1
345,78.30617,-153.21217,64,34.8819,803.2659,440.0,CB10,0.3802,2022-09-29 07:18:31,6.060215e+11,9,7.286369e+12,1
345,78.30617,-153.21217,64,34.8886,1003.2225,439.0,CB10,0.1027,2022-09-29 07:18:31,5.714888e+11,9,7.216364e+12,1
345,78.30617,-153.21217,64,34.9125,1503.7498,438.0,CB10,-0.2933,2022-09-29 07:18:31,1.9318846e+11,9,7.8982865e+12,1
345,78.30617,-153.21217,64,34.9452,2003.2317,437.0,CB10,-0.3997,2022-09-29 07:18:31,1.0937281e+11,9,7.2915207e+12,1
345,78.30617,-153.21217,64,34.9554,2404.5703,436.0,CB10,-0.3731,2022-09-29 07:18:31,1.23144045e+11,9,8.209603e+12,1
345,78.9975,-149.28984,64,26.638,6.4738913,435.0,CB11,-1.4046,2022-09-28 05:29:08,2.472905e+11,9,6.1129926e+12,1
345,78.9975,-149.28984,64,31.1562,48.196518,430.0,CB11,0.4882,2022-09-28 05:29:08,2.6449561e+11,9,7.318124e+12,1
345,78.9975,-149.28984,64,31.8855,76.422935,429.0,CB11,-0.6234,2022-09-28 05:29:08,2.2497411e+11,9,7.9575824e+12,1
345,78.9975,-149.28984,64,33.1394,179.15092,425.0,CB11,-1.4691,2022-09-28 05:29:08,7.610039e+11,9,7.4279976e+12,1
345,78.9975,-149.28984,64,34.4213,258.4547,422.0,CB11,-0.4029,2022-09-28 05:29:08,7.939334e+11,9,8.113854e+12,1
345,78.9975,-149.28984,64,34.7217,326.40707,421.0,CB11,0.4134,2022-09-28 05:29:08,1.2308972e+11,9,7.9250514e+12,1
345,78.9975,-149.28984,64,34.8584,507.774,419.0,CB11,0.8479,2022-09-28 05:29:08,2.4321404e+11,9,8.356379e+12,1
345,78.9975,-149.28984,64,34.8622,603.7674,418.0,CB11,0.6372,2022-09-28 05:29:08,2.1495993e+11,9,8.3668773e+12,1
345,78.9975,-149.28984,64,34.8733,803.7271,417.0,CB11,0.3077,2022-09-28 05:29:08,5.253106e+11,9,7.032368e+12,1
345,78.9975,-149.28984,64,34.8832,1003.9362,416.0,CB11,0.0545,2022-09-28 05:29:08,5.3023428e+11,9,7.2508464e+12,1
345,78.9975,-149.28984,64,34.912,1503.693,415.0,CB11,-0.2902,2022-09-28 05:29:08,1.23831575e+11,9,7.4261867e+12,1
345,78.9975,-149.28984,64,34.9422,2003.6576,414.0,CB11,-0.4002,2022-09-28 05:29:08,1.10889845e+11,9,7.3926564e+12,1
345,78.9975,-149.28984,64,34.9591,3718.1765,412.0,CB11,-0.2562,2022-09-28 05:29:08,1.1059061e+11,9,7.372707e+12,1
345,77.00633,-140.04016,64,25.8748,5.7015777,315.0,CB15,-1.3927,2022-09-24 02:01:43,9.874712e+10,9,6.4664985e+12,1
345,77.00633,-140.04016,64,31.1531,60.844883,310.0,CB15,0.3295,2022-09-24 02:01:43,1.4799464e+11,9,7.577324e+12,1
345,77.00633,-140.04016,64,31.8773,86.954,309.0,CB15,-0.5846,2022-09-24 02:01:43,1.21180545e+11,9,7.580614e+12,1
345,77.00633,-140.04016,64,33.1184,202.01295,305.0,CB15,-1.4689,2022-09-24 02:01:43,1.1923922e+11,9,7.9492814e+12,1
345,77.00633,-140.04016,64,34.4319,275.96976,302.0,CB15,-0.3448,2022-09-24 02:01:43,1.2170978e+11,9,8.1139854e+12,1
345,77.00633,-140.04016,64,34.721,341.9773,301.0,CB15,0.422,2022-09-24 02:01:43,1.1882785e+11,9,7.921857e+12,1
345,77.00633,-140.04016,64,34.8448,494.94208,299.0,CB15,0.823,2022-09-24 02:01:43,1.5005786e+11,9,8.2602114e+12,1
345,77.00633,-140.04016,64,34.859,602.13135,298.0,CB15,0.6296,2022-09-24 02:01:43,1.6930485e+11,9,8.322069e+12,1
345,77.00633,-140.04016,64,34.8711,802.16284,297.0,CB15,0.2837,2022-09-24 02:01:43,1.2988927e+11,9,8.306706e+12,1
345,77.00633,-140.04016,64,34.8804,1002.9203,296.0,CB15,0.0208,2022-09-24 02:01:43,1.2676932e+11,9,8.4512887e+12,1
345,77.00633,-140.04016,64,34.9142,1502.8949,295.0,CB15,-0.2843,2022-09-24 02:01:43,1.5981999e+11,9,8.5058524e+12,1
345,77.00633,-140.04016,64,34.9432,2002.3699,294.0,CB15,-0.4036,2022-09-24 02:01:43,1.5872483e+11,9,8.467042e+12,1
345,77.00633,-140.04016,64,34.9589,3627.2786,292.0,CB15,-0.2655,2022-09-24 02:01:43,1.4905223e+11,9,8.1086387e+12,1
345,78.001,-140.01633,64,26.3704,5.758745,339.0,CB16,-1.3592,2022-09-24 23:19:08,2.5910357e+11,9,6.3076266e+12,1
345,78.001,-140.01633,64,30.6287,47.06654,334.0,CB16,0.3873,2022-09-24 23:19:08,2.0949646e+11,9,6.7925526e+12,1
345,78.001,-140.01633,64,31.8451,77.02014,333.0,CB16,-0.6534,2022-09-24 23:19:08,2.5762882e+11,9,7.275147e+12,1
345,78.001,-140.01633,64,33.1519,189.14714,329.0,CB16,-1.4336,2022-09-24 23:19:08,8.229981e+11,9,7.714654e+12,1
345,78.001,-140.01633,64,34.43,262.90808,326.0,CB16,-0.3636,2022-09-24 23:19:08,7.749879e+11,9,7.9934825e+12,1
345,78.001,-140.01633,64,34.8526,486.85312,323.0,CB16,0.8105,2022-09-24 23:19:08,1.1498803e+11,9,7.6658686e+12,1
345,78.001,-140.01633,64,34.8603,602.41876,322.0,CB16,0.5962,2022-09-24 23:19:08,2.2832274e+11,9,8.098667e+12,1
345,78.001,-140.01633,64,34.8718,802.70734,321.0,CB16,0.2653,2022-09-24 23:19:08,5.2904706e+11,9,7.283127e+12,1
345,78.001,-140.01633,64,34.8822,1002.9897,320.0,CB16,0.0107,2022-09-24 23:19:08,5.4907883e+11,9,6.994337e+12,1
345,78.001,-140.01633,64,34.9116,1468.9,319.0,CB16,-0.289,2022-09-24 23:19:08,5.327383e+11,9,7.604866e+12,1
345,78.001,-140.01633,64,34.944,2003.128,318.0,CB16,-0.4046,2022-09-24 23:19:08,1.11788065e+11,9,7.452538e+12,1
345,78.001,-140.01633,64,34.959,3653.0896,316.0,CB16,-0.2628,2022-09-24 23:19:08,1.125963e+11,9,7.5064206e+12,1
345,75.988335,-140.00717,64,25.7945,5.7384343,243.0,CB17,-1.3624,2022-09-22 02:02:41,2.6895322e+11,9,7.537916e+12,1
345,75.988335,-140.00717,64,30.3419,41.95641,240.0,CB17,0.8756,2022-09-22 02:02:41,2.5078969e+11,9,7.0770234e+12,1
345,75.988335,-140.00717,64,31.7998,84.07334,237.0,CB17,-0.4644,2022-09-22 02:02:41,2.9323785e+11,9,7.6772913e+12,1
345,75.988335,-140.00717,64,33.169,208.2852,233.0,CB17,-1.4235,2022-09-22 02:02:41,7.858531e+11,9,7.258608e+12,1
345,75.988335,-140.00717,64,34.4246,284.0444,230.0,CB17,-0.365,2022-09-22 02:02:41,7.601867e+11,9,7.611184e+12,1
345,75.988335,-140.00717,64,34.8492,508.33908,227.0,CB17,0.8199,2022-09-22 02:02:41,1.2523843e+11,9,8.3492287e+12,1
345,75.988335,-140.00717,64,34.8571,602.6238,226.0,CB17,0.6428,2022-09-22 02:02:41,1.7698595e+11,9,9.022122e+12,1
345,75.988335,-140.00717,64,34.8682,802.84674,225.0,CB17,0.2675,2022-09-22 02:02:41,9.798896e+12,9,1.5725809e+13,1
345,75.988335,-140.00717,64,34.8795,1002.9159,224.0,CB17,0.0176,2022-09-22 02:02:41,5.320392e+11,9,7.5750876e+12,1
345,75.988335,-140.00717,64,34.9151,1502.8687,223.0,CB17,-0.2919,2022-09-22 02:02:41,5.268377e+11,9,7.285008e+12,1
345,75.988335,-140.00717,64,34.9431,2002.6338,222.0,CB17,-0.4034,2022-09-22 02:02:41,1.125055e+11,9,7.5003666e+12,1
345,75.988335,-140.00717,64,34.959,3586.6294,220.0,CB17,-0.2694,2022-09-22 02:02:41,1.1381236e+11,9,7.58749e+12,1
345,75.01683,-140.07683,64,25.1384,5.8336844,219.0,CB18,-1.3398,2022-09-21 16:12:10,1.0072194e+11,9,5.9675016e+12,1
345,75.01683,-140.07683,64,30.863,57.975155,216.0,CB18,0.6449,2022-09-21 16:12:10,1.3710013e+11,9,7.598653e+12,1
345,75.01683,-140.07683,64,31.8302,100.38636,214.0,CB18,-0.5203,2022-09-21 16:12:10,1.1208007e+11,9,7.4720047e+12,1
345,75.01683,-140.07683,64,33.1514,212.3475,210.0,CB18,-1.4263,2022-09-21 16:12:10,1.2542863e+11,9,8.0946397e+12,1
345,75.01683,-140.07683,64,34.4436,292.35483,207.0,CB18,-0.2553,2022-09-21 16:12:10,1.408603e+11,9,8.3827826e+12,1
345,75.01683,-140.07683,64,34.7155,355.83777,206.0,CB18,0.4168,2022-09-21 16:12:10,1.6184012e+11,9,8.863901e+12,1
345,75.01683,-140.07683,64,34.8406,502.7906,204.0,CB18,0.7941,2022-09-21 16:12:10,1.2297808e+11,9,8.198539e+12,1
345,75.01683,-140.07683,64,34.8564,602.33527,203.0,CB18,0.6448,2022-09-21 16:12:10,1.2771557e+11,9,8.205737e+12,1
345,75.01683,-140.07683,64,34.8682,803.2089,202.0,CB18,0.2788,2022-09-21 16:12:10,1.6310968e+11,9,8.506925e+12,1
345,75.01683,-140.07683,64,34.8793,1002.6651,201.0,CB18,0.023,2022-09-21 16:12:10,1.3080488e+11,9,7.972344e+12,1
345,75.01683,-140.07683,64,34.9145,1502.7395,200.0,CB18,-0.2918,2022-09-21 16:12:10,1.5738162e+11,9,8.6770765e+12,1
345,75.01683,-140.07683,64,34.9436,2002.2642,199.0,CB18,-0.4043,2022-09-21 16:12:10,1.8153506e+11,9,8.589628e+12,1
345,75.01683,-140.07683,64,34.959,3524.237,196.0,CB18,-0.2756,2022-09-21 16:12:10,1.468291e+11,9,8.412728e+12,1
345,73.00066,-150.0015,64,25.6193,4.179505,836.0,CB2,0.1557,2022-10-05 15:22:55,1.06920634e+12,9,6.1939966e+12,1
345,73.00066,-150.0015,64,25.6194,9.313953,831.0,CB2,0.1689,2022-10-05 15:22:55,7.9671656e+11,9,6.0606733e+12,1
345,73.00066,-150.0015,64,31.8644,85.45647,830.0,CB2,-0.5445,2022-10-05 15:22:55,1.0206376e+12,9,7.3710725e+12,1
345,73.00066,-150.0015,64,33.1154,199.65855,826.0,CB2,-1.3376,2022-10-05 15:22:55,8.4075374e+11,9,8.2339415e+12,1
345,73.00066,-150.0015,64,34.4686,284.78552,823.0,CB2,-0.1532,2022-10-05 15:22:55,7.541989e+11,9,8.623272e+12,1
345,73.00066,-150.0015,64,34.7116,353.86823,822.0,CB2,0.4177,2022-10-05 15:22:55,2.0143324e+11,9,8.667585e+12,1
345,73.00066,-150.0015,64,34.8458,512.545,820.0,CB2,0.8361,2022-10-05 15:22:55,1.9368693e+11,9,8.4725974e+12,1
345,73.00066,-150.0015,64,34.8716,802.8022,818.0,CB2,0.351,2022-10-05 15:22:55,5.394371e+11,9,7.0550563e+12,1
345,73.00066,-150.0015,64,34.8808,1002.89307,817.0,CB2,0.1023,2022-10-05 15:22:55,4.9510557e+11,9,7.244672e+12,1
345,73.00066,-150.0015,64,34.91,1502.6187,816.0,CB2,-0.2747,2022-10-05 15:22:55,5.6398506e+11,9,7.1533676e+12,1
345,73.00066,-150.0015,64,34.9592,3649.7542,813.0,CB2,-0.2624,2022-10-05 15:22:55,1.1041319e+12,9,7.9134243e+12,1
345,73.97117,-139.80766,64,30.998,64.70968,922.0,CB21,0.5305,2022-10-08 11:12:36,1.0677335e+12,9,7.7797324e+12,1
345,73.97117,-139.80766,64,31.8375,92.49165,921.0,CB21,-0.5247,2022-10-08 11:12:36,1.09892624e+11,9,7.0272177e+12,1
345,73.984665,-139.90567,64,34.7246,359.03638,908.0,CB21,0.4455,2022-10-08 07:24:16,9.3384226e+11,9,7.999718e+12,1
345,73.984665,-139.90567,64,34.8344,474.4461,903.0,CB21,0.7637,2022-10-08 07:24:16,8.6935536e+11,9,8.229004e+12,1
345,73.984665,-139.90567,64,34.8672,801.7667,901.0,CB21,0.2771,2022-10-08 07:24:16,9.689705e+11,9,8.1688957e+12,1
345,73.984665,-139.90567,64,34.8796,1000.89923,896.0,CB21,0.0257,2022-10-08 07:24:16,1.022174e+12,9,7.2062384e+12,1
345,73.984665,-139.90567,64,34.9433,2001.0637,892.0,CB21,-0.4036,2022-10-08 07:24:16,9.809848e+11,9,8.2835926e+12,1
345,73.984665,-139.90567,64,34.9553,2502.5005,891.0,CB21,-0.3773,2022-10-08 07:24:16,9.6338726e+11,9,6.8795247e+12,1
345,73.00933,-139.91484,64,24.7561,5.7164855,980.0,CB27,-1.3463,2022-10-10 08:17:35,8.2870685e+11,9,5.7333425e+12,1
345,73.00933,-139.91484,64,31.2706,65.16002,975.0,CB27,0.2058,2022-10-10 08:17:35,8.097508e+11,9,7.1091094e+12,1
345,73.00933,-139.91484,64,31.867,90.35437,974.0,CB27,-0.5499,2022-10-10 08:17:35,1.02018856e+12,9,7.198848e+12,1
345,73.00933,-139.91484,64,33.1614,215.3868,970.0,CB27,-1.4211,2022-10-10 08:17:35,7.316195e+11,9,7.6107675e+12,1
345,73.00933,-139.91484,64,34.4421,307.01672,967.0,CB27,-0.2268,2022-10-10 08:17:35,7.126825e+11,9,7.975406e+12,1
345,73.00933,-139.91484,64,34.7194,390.8268,966.0,CB27,0.4165,2022-10-10 08:17:35,2.1129968e+11,9,8.952529e+12,1
345,73.00933,-139.91484,64,34.82,460.9413,964.0,CB27,0.6168,2022-10-10 08:17:35,1.4656841e+11,9,8.411264e+12,1
345,73.00933,-139.91484,64,34.8619,602.94904,963.0,CB27,0.3433,2022-10-10 08:17:35,1.4001644e+11,9,9.122264e+12,1
345,73.00933,-139.91484,64,34.8739,802.722,962.0,CB27,0.1098,2022-10-10 08:17:35,4.8788413e+11,9,6.83129e+12,1
345,73.00933,-139.91484,64,34.9169,1502.953,960.0,CB27,-0.3236,2022-10-10 08:17:35,4.721277e+11,9,7.173248e+12,1
345,73.00933,-139.91484,64,34.9445,2002.2766,959.0,CB27,-0.4046,2022-10-10 08:17:35,1.183734e+11,9,7.89156e+12,1
345,73.00933,-139.91484,64,34.959,3198.6462,957.0,CB27,-0.3048,2022-10-10 08:17:35,1.07864634e+12,9,1.0030126e+13,1
345,71.01033,-139.98933,64,31.506,60.68064,1022.0,CB28b,-0.5917,2022-10-10 22:10:52,1.0709751e+11,9,7.139834e+12,1
345,71.01033,-139.98933,64,31.9147,73.45103,1021.0,CB28b,-0.899,2022-10-10 22:10:52,1.0056511e+12,9,7.14812e+12,1
345,71.01033,-139.98933,64,33.1826,170.79872,1016.0,CB28b,-1.2913,2022-10-10 22:10:52,1.0348054e+12,9,7.718711e+12,1
345,71.01033,-139.98933,64,34.4245,246.70149,1013.0,CB28b,-0.2297,2022-10-10 22:10:52,7.804887e+11,9,8.54428e+12,1
345,71.01033,-139.98933,64,34.7111,316.84518,1012.0,CB28b,0.4187,2022-10-10 22:10:52,6.516091e+11,9,8.284951e+12,1
345,71.01033,-139.98933,64,34.8314,469.68198,1010.0,CB28b,0.731,2022-10-10 22:10:52,1.5982089e+11,9,8.5545457e+12,1
345,71.01033,-139.98933,64,34.9509,2076.547,1005.0,CB28b,-0.3883,2022-10-10 22:10:52,7.9083484e+11,9,7.5120734e+12,1
345,75.005165,-150.0805,64,25.3609,6.1048326,648.0,CB4,-1.0969,2022-10-03 04:43:09,9.903473e+11,9,5.933705e+12,1
345,75.005165,-150.0805,64,31.3103,65.325775,641.0,CB4,0.2279,2022-10-03 04:43:09,9.606994e+11,9,7.140151e+12,1
345,75.005165,-150.0805,64,34.4269,280.95178,629.0,CB4,-0.2461,2022-10-03 04:43:09,1.39261e+11,9,9.284067e+12,1
345,75.005165,-150.0805,64,34.71,349.4867,603.0,CB4,0.4112,2022-10-02 03:41:37,1.1764242e+11,9,7.842828e+12,1
345,75.005165,-150.0805,64,34.8324,484.35825,598.0,CB4,0.7709,2022-10-02 03:41:37,1.0145003e+12,9,7.877964e+12,1
345,75.005165,-150.0805,64,34.8555,603.0529,597.0,CB4,0.6784,2022-10-02 03:41:37,9.810359e+11,9,7.982542e+12,1
345,75.005165,-150.0805,64,34.868,802.94714,596.0,CB4,0.3518,2022-10-02 03:41:37,4.8835595e+11,9,7.8184154e+12,1
345,75.005165,-150.0805,64,34.8775,1001.3184,592.0,CB4,0.091,2022-10-02 03:41:37,4.9672215e+11,9,6.552299e+12,1
345,75.005165,-150.0805,64,34.9083,1501.3364,591.0,CB4,-0.2663,2022-10-02 03:41:37,1.2043379e+11,9,7.847987e+12,1
345,75.005165,-150.0805,64,34.9402,2001.4674,588.0,CB4,-0.3944,2022-10-02 03:41:37,8.121566e+11,9,7.9561003e+12,1
345,75.005165,-150.0805,64,34.959,3718.407,582.0,CB4,-0.2558,2022-10-02 03:41:37,1.2539051e+11,9,8.20314e+12,1
345,75.2995,-153.3045,64,25.5449,5.9177227,627.0,CB5,-1.3633,2022-10-02 13:17:47,2.3682261e+11,9,5.3138183e+12,1
345,75.2995,-153.3045,64,31.2146,62.612278,624.0,CB5,0.3149,2022-10-02 13:17:47,2.4743263e+11,9,7.558917e+12,1
345,75.2995,-153.3045,64,31.8141,85.350975,623.0,CB5,-0.5139,2022-10-02 13:17:47,2.665489e+11,9,7.2074794e+12,1
345,75.2995,-153.3045,64,33.1514,199.45436,619.0,CB5,-1.4902,2022-10-02 13:17:47,8.5371375e+11,9,7.6154546e+12,1
345,75.2995,-153.3045,64,34.447,276.67288,616.0,CB5,-0.2313,2022-10-02 13:17:47,9.6918844e+11,9,7.9166733e+12,1
345,75.2995,-153.3045,64,34.7125,339.35367,614.0,CB5,0.4111,2022-10-02 13:17:47,1.8752589e+11,9,8.0647993e+12,1
345,75.2995,-153.3045,64,34.837,468.54898,612.0,CB5,0.7787,2022-10-02 13:17:47,1.1178685e+11,9,7.452457e+12,1
345,75.2995,-153.3045,64,34.8577,603.46515,611.0,CB5,0.5909,2022-10-02 13:17:47,1.6063642e+11,9,7.802073e+12,1
345,75.2995,-153.3045,64,34.8703,803.9605,610.0,CB5,0.2486,2022-10-02 13:17:47,6.1071465e+11,9,7.1256344e+12,1
345,75.2995,-153.3045,64,34.8816,1003.7088,609.0,CB5,0.0063,2022-10-02 13:17:47,5.4689032e+11,9,7.357164e+12,1
345,75.2995,-153.3045,64,34.9027,1503.013,608.0,CB5,-0.1999,2022-10-02 13:17:47,5.646066e+11,9,7.3997243e+12,1
345,75.2995,-153.3045,64,34.9322,2003.2987,607.0,CB5,-0.3717,2022-10-02 13:17:47,1.3155003e+11,9,7.5656e+12,1
345,75.2995,-153.3045,64,34.9589,3743.9978,604.0,CB5,-0.2532,2022-10-02 13:17:47,1.2266453e+11,9,8.1776356e+12,1
345,73.499664,-130.90334,64,27.1105,6.570415,167.0,CB51,-1.2456,2022-09-20 11:29:12,1.0784489e+12,9,5.9347844e+12,1
345,73.499664,-130.90334,64,31.0359,52.150738,164.0,CB51,0.2594,2022-09-20 11:29:12,9.771892e+11,9,6.660431e+12,1
345,73.499664,-130.90334,64,31.9551,82.17186,163.0,CB51,-0.668,2022-09-20 11:29:12,3.0902934e+11,9,5.8446305e+12,1
345,73.499664,-130.90334,64,33.1783,175.94856,159.0,CB51,-1.3542,2022-09-20 11:29:12,8.393113e+11,9,6.9243586e+12,1
345,73.499664,-130.90334,64,34.4369,245.8392,156.0,CB51,-0.1954,2022-09-20 11:29:12,9.2654666e+11,9,6.2004836e+12,1
345,73.499664,-130.90334,64,34.7121,307.1464,155.0,CB51,0.3856,2022-09-20 11:29:12,9.842682e+11,9,5.3266245e+12,1
345,73.499664,-130.90334,64,34.8335,443.1172,152.0,CB51,0.7195,2022-09-20 11:29:12,1.1038443e+12,9,6.448628e+12,1
345,73.499664,-130.90334,64,34.855,602.62604,150.0,CB51,0.4918,2022-09-20 11:29:12,9.331947e+11,9,7.065942e+12,1
345,73.499664,-130.90334,64,34.9459,2002.0668,146.0,CB51,-0.3983,2022-09-20 11:29:12,8.640696e+11,9,5.436165e+12,1
345,73.499664,-130.90334,64,34.9578,2484.6677,145.0,CB51,-0.3619,2022-09-20 11:29:12,8.351095e+11,9,6.968921e+12,1
345,77.00433,-149.91417,64,25.9817,6.6287374,555.0,CB8,-1.3878,2022-10-01 01:40:14,8.827757e+11,9,5.97235e+12,1
345,77.00433,-149.91417,64,31.3353,62.1477,550.0,CB8,0.2078,2022-10-01 01:40:14,1.1193335e+11,9,7.2301077e+12,1
345,77.00433,-149.91417,64,31.86,84.043045,549.0,CB8,-0.558,2022-10-01 01:40:14,9.61445e+11,9,7.1671433e+12,1
345,77.00433,-149.91417,64,33.129,195.96593,545.0,CB8,-1.4812,2022-10-01 01:40:14,9.218714e+11,9,7.634055e+12,1
345,77.00433,-149.91417,64,34.713,345.8922,541.0,CB8,0.3942,2022-10-01 01:40:14,1.1479271e+11,9,7.6528474e+12,1
345,77.00433,-149.91417,64,34.8383,466.4503,539.0,CB8,0.8288,2022-10-01 01:40:14,9.810219e+11,9,8.1713126e+12,1
345,77.00433,-149.91417,64,34.8634,603.82446,538.0,CB8,0.7359,2022-10-01 01:40:14,9.465244e+11,9,8.126593e+12,1
345,77.00433,-149.91417,64,34.8802,1003.1853,536.0,CB8,0.0821,2022-10-01 01:40:14,9.641021e+11,9,8.463451e+12,1
345,77.00433,-149.91417,64,34.9088,1502.6356,535.0,CB8,-0.2748,2022-10-01 01:40:14,1.2486675e+11,9,8.0112244e+12,1
345,77.00433,-149.91417,64,34.9413,2002.9541,534.0,CB8,-0.3974,2022-10-01 01:40:14,8.188208e+11,9,8.0982316e+12,1
345,77.00433,-149.91417,64,34.959,3726.8257,532.0,CB8,-0.2551,2022-10-01 01:40:14,1.01483604e+12,9,8.0292835e+12,1
345,78.00467,-149.946,64,26.3271,6.3731985,480.0,CB9,-1.4008,2022-09-29 13:35:04,9.037376e+10,9,6.024917e+12,1
345,78.00467,-149.946,64,31.3308,53.332413,473.0,CB9,0.2213,2022-09-29 13:35:04,1.0777282e+11,9,7.1848543e+12,1
345,78.00467,-149.946,64,31.8338,73.02308,472.0,CB9,-0.504,2022-09-29 13:35:04,9.923179e+11,9,7.2216027e+12,1
345,78.00467,-149.946,64,33.111,173.61012,464.0,CB9,-1.5079,2022-09-29 13:35:04,1.1762209e+11,9,7.72823e+12,1
345,78.00467,-149.946,64,34.8486,470.37003,503.0,CB9,0.9056,2022-09-30 00:43:15,7.836687e+11,9,8.1592367e+12,1
345,78.00467,-149.946,64,34.8583,602.4412,501.0,CB9,0.6622,2022-09-30 00:43:15,9.4508306e+11,9,8.0804084e+12,1
345,78.00467,-149.946,64,34.8808,803.30725,500.0,CB9,0.4161,2022-09-30 00:43:15,8.279325e+11,9,7.7978796e+12,1
345,78.00467,-149.946,64,34.8873,1001.76337,496.0,CB9,0.1473,2022-09-30 00:43:15,9.4099584e+11,9,7.9770115e+12,1
345,78.00467,-149.946,64,34.9095,1501.945,495.0,CB9,-0.2667,2022-09-30 00:43:15,9.460812e+11,9,7.862883e+12,1
345,78.00467,-149.946,64,34.942,2001.6083,492.0,CB9,-0.3981,2022-09-30 00:43:15,1.2249237e+11,9,8.166158e+12,1
345,78.00467,-149.946,64,34.959,3715.2405,486.0,CB9,-0.2558,2022-09-30 00:43:15,1.25756604e+11,9,7.9441795e+12,1
345,78.00467,-149.946,64,34.4185,252.26862,461.0,CB9,-0.7423,2022-09-29 13:35:04,7.895182e+11,9,8.4557247e+12,1
345,78.00467,-149.946,64,34.7134,317.85934,460.0,CB9,0.407,2022-09-29 13:35:04,2.3696572e+11,9,8.6324066e+12,1
345,79.6915,-139.75233,64,27.0706,6.0275207,410.0,NE1,-1.4618,2022-09-27 04:20:57,2.1814508e+11,9,6.5656644e+12,1
345,79.6915,-139.75233,64,28.9616,27.107601,408.0,NE1,-1.1792,2022-09-27 04:20:57,2.1584755e+11,9,7.244206e+12,1
345,79.6915,-139.75233,64,31.8611,80.20724,406.0,NE1,-0.6566,2022-09-27 04:20:57,2.4137333e+11,9,7.93611e+12,1
345,79.6915,-139.75233,64,33.1493,176.99265,402.0,NE1,-1.4492,2022-09-27 04:20:57,7.737937e+11,9,7.9677264e+12,1
345,79.6915,-139.75233,64,34.7211,316.74002,397.0,NE1,0.3967,2022-09-27 04:20:57,8.0077246e+11,9,7.4412783e+12,1
345,79.6915,-139.75233,64,34.857,488.68375,369.0,NE1,0.8438,2022-09-27 02:23:02,1.6622009e+11,9,8.0641555e+12,1
345,79.6915,-139.75233,64,34.8631,602.7942,368.0,NE1,0.5881,2022-09-27 02:23:02,1.796516e+11,9,8.5188144e+12,1
345,79.6915,-139.75233,64,34.872,803.0054,367.0,NE1,0.2444,2022-09-27 02:23:02,5.3680967e+11,9,7.411168e+12,1
345,79.6915,-139.75233,64,34.8835,1001.66266,366.0,NE1,0.0159,2022-09-27 02:23:02,5.2276842e+11,9,7.247757e+12,1
345,79.6915,-139.75233,64,34.9438,2002.0999,393.0,NE1,-0.4041,2022-09-27 04:20:57,1.130234e+11,9,7.5348936e+12,1
345,79.6915,-139.75233,64,34.959,3660.7048,391.0,NE1,-0.262,2022-09-27 04:20:57,1.1474018e+11,9,7.6493457e+12,1
345,72.59967,-144.68266,64,24.8759,4.712056,884.0,Stn A,0.4311,2022-10-07 17:13:40,1.9595508e+11,9,6.164704e+12,1
345,72.59967,-144.68266,64,30.2167,41.41506,881.0,Stn A,0.4746,2022-10-07 17:13:40,2.0555171e+11,9,6.7040916e+12,1
345,72.59967,-144.68266,64,29.4583,84.01088,878.0,Stn A,-0.3146,2022-10-07 17:13:40,2.3476945e+11,9,8.118307e+12,1
345,72.59967,-144.68266,64,32.3341,120.89943,877.0,Stn A,-1.2253,2022-10-07 17:13:40,2.3860737e+11,9,7.643917e+12,1
345,72.59967,-144.68266,64,32.6171,151.64568,876.0,Stn A,-1.3464,2022-10-07 17:13:40,2.167311e+11,9,6.911142e+12,1
345,72.59967,-144.68266,64,32.9366,182.98557,875.0,Stn A,-1.4302,2022-10-07 17:13:40,8.495118e+11,9,7.797957e+12,1
345,72.59967,-144.68266,64,33.1058,194.95715,874.0,Stn A,-1.3997,2022-10-07 17:13:40,8.186513e+11,9,7.5231936e+12,1
345,72.59967,-144.68266,64,33.6471,219.50925,873.0,Stn A,-1.1367,2022-10-07 17:13:40,8.368419e+11,9,7.8282983e+12,1
345,72.59967,-144.68266,64,34.1582,248.6531,872.0,Stn A,-0.6755,2022-10-07 17:13:40,8.78062e+11,9,7.1292457e+12,1
345,72.59967,-144.68266,64,34.4281,272.30426,871.0,Stn A,-0.2421,2022-10-07 17:13:40,8.718171e+11,9,8.327288e+12,1
345,72.59967,-144.68266,64,34.7216,345.6502,870.0,Stn A,0.4411,2022-10-07 17:13:40,4.5944563e+11,9,8.141262e+12,1
345,72.59967,-144.68266,64,34.7894,396.7394,869.0,Stn A,0.6398,2022-10-07 17:13:40,1.387458e+11,9,7.8919547e+12,1
345,72.59967,-144.68266,64,34.832,471.8638,868.0,Stn A,0.7401,2022-10-07 17:13:40,1.3651734e+11,9,7.6864915e+12,1
345,72.59967,-144.68266,64,34.8541,602.90076,867.0,Stn A,0.61,2022-10-07 17:13:40,1.1238802e+11,9,7.492535e+12,1
345,72.59967,-144.68266,64,34.8675,802.51733,866.0,Stn A,0.3049,2022-10-07 17:13:40,1.2122261e+11,9,7.2853026e+12,1
345,72.59967,-144.68266,64,34.878,1003.1977,865.0,Stn A,0.0463,2022-10-07 17:13:40,5.3311432e+11,9,7.3711474e+12,1
345,72.59967,-144.68266,64,34.9116,1502.6344,864.0,Stn A,-0.292,2022-10-07 17:13:40,5.9799575e+11,9,7.8982283e+12,1
345,72.59967,-144.68266,64,34.9431,2002.7428,863.0,Stn A,-0.4021,2022-10-07 17:13:40,1.17059985e+11,9,7.803999e+12,1
345,72.59967,-144.68266,64,34.9536,2392.6992,862.0,Stn A,-0.3842,2022-10-07 17:13:40,1.3179513e+11,9,7.669367e+12,1
345,72.59967,-144.68266,64,34.959,3333.0073,861.0,Stn A,-0.2931,2022-10-07 17:13:40,1.9791674e+11,9,7.686404e+12,1
345,78.303,-153.24283,64,34.94895,2273.4536,549.0,CB10,-0.37985,2023-09-28 06:29:38,1.3535699e+11,9,8.295641e+12,1
345,78.303,-153.24283,64,34.9393,2003.3643,550.0,CB10,-0.3932,2023-09-28 06:29:38,6.697313e+11,9,8.093801e+12,1
345,78.303,-153.24283,64,34.90455,1502.8707,551.0,CB10,-0.2497,2023-09-28 06:29:38,6.614406e+11,9,8.1956826e+12,1
345,78.303,-153.24283,64,34.8828,1003.1813,552.0,CB10,0.1648,2023-09-28 06:29:38,1.28985104e+11,9,8.368725e+12,1
345,78.303,-153.24283,64,34.87485,802.786,553.0,CB10,0.42625,2023-09-28 06:29:38,1.3906706e+11,9,8.2450034e+12,1
345,78.303,-153.24283,64,34.86575,603.0,554.0,CB10,0.8084,2023-09-28 06:29:38,6.9853505e+11,9,8.104811e+12,1
345,78.303,-153.24283,64,34.731,297.938,558.0,CB10,0.5571,2023-09-28 06:29:38,1.2989458e+11,9,8.2764125e+12,1
345,78.303,-153.24283,64,34.40815,237.72804,559.0,CB10,-0.53125,2023-09-28 06:29:38,7.013973e+11,9,8.147898e+12,1
345,78.303,-153.24283,64,33.71775,192.14429,561.0,CB10,-1.03335,2023-09-28 06:29:38,6.846991e+11,9,7.9772857e+12,1
345,78.303,-153.24283,64,33.1233,162.86142,562.0,CB10,-1.2955,2023-09-28 06:29:38,1.16925874e+11,9,7.7950584e+12,1
345,78.303,-153.24283,64,31.038,37.413677,568.0,CB10,-0.6828,2023-09-28 06:29:38,1.16929815e+11,9,7.476812e+12,1
345,78.303,-153.24283,64,26.4881,5.693377,572.0,CB10,-1.43045,2023-09-28 06:29:38,7.364286e+11,9,6.180728e+12,1
345,75.29867,-153.29933,64,34.95525,3743.3154,645.0,CB5,-0.25285,2023-09-30 04:34:14,6.589722e+11,9,8.152811e+12,1
345,75.29867,-153.29933,64,34.9365,2002.9156,648.0,CB5,-0.3957,2023-09-30 04:34:14,1.2780029e+11,9,8.3247466e+12,1
345,75.29867,-153.29933,64,34.90395,1503.7675,649.0,CB5,-0.26925,2023-09-30 04:34:14,7.148331e+11,9,7.922158e+12,1
345,75.29867,-153.29933,64,34.87685,1004.08307,650.0,CB5,0.1231,2023-09-30 04:34:14,1.28508944e+11,9,8.148383e+12,1
345,75.29867,-153.29933,64,34.8671,803.5554,651.0,CB5,0.4028,2023-09-30 04:34:14,1.2733555e+11,9,8.3176016e+12,1
345,75.29867,-153.29933,64,34.85305,603.02606,652.0,CB5,0.72665,2023-09-30 04:34:14,6.708499e+11,9,8.225802e+12,1
345,75.29867,-153.29933,64,34.84055,527.845,653.0,CB5,0.81795,2023-09-30 04:34:14,6.67474e+11,9,8.165303e+12,1
345,75.29867,-153.29933,64,34.71625,366.94553,655.0,CB5,0.4342,2023-09-30 04:34:14,1.2383414e+11,9,8.2556087e+12,1
345,75.29867,-153.29933,64,34.37825,295.2484,657.0,CB5,-0.33825,2023-09-30 04:34:14,1.2182373e+11,9,8.121582e+12,1
345,75.29867,-153.29933,64,34.14995,273.08646,658.0,CB5,-0.6788,2023-09-30 04:34:14,7.4045004e+11,9,8.072153e+12,1
345,75.29867,-153.29933,64,33.71095,246.07799,659.0,CB5,-1.0853,2023-09-30 04:34:14,6.611096e+11,9,8.05984e+12,1
345,75.29867,-153.29933,64,33.1127,215.1078,660.0,CB5,-1.3808,2023-09-30 04:34:14,6.459305e+11,9,7.819963e+12,1
345,75.29867,-153.29933,64,31.8217,92.81524,664.0,CB5,-0.4844,2023-09-30 04:34:14,6.598117e+11,9,7.566674e+12,1
345,75.29867,-153.29933,64,31.21685,68.13841,665.0,CB5,0.3806,2023-09-30 04:34:14,1.21947546e+11,9,7.42169e+12,1
345,75.29867,-153.29933,64,25.1367,5.672309,668.0,CB5,1.12545,2023-09-30 04:34:14,6.8230906e+11,9,6.038703e+12,1
345,71.51984,-151.57584,64,34.88585,1195.625,882.0,BL4,-0.01905,2023-10-04 10:45:44,6.644076e+11,9,8.1670743e+12,1
345,71.51984,-151.57584,64,34.86635,803.0809,883.0,BL4,0.5188,2023-10-04 10:45:44,1.2562635e+11,9,8.3750903e+12,1
345,71.51984,-151.57584,64,34.8604,602.96857,884.0,BL4,0.69385,2023-10-04 10:45:44,1.2311305e+11,9,8.1953507e+12,1
345,71.51984,-151.57584,64,34.83805,393.65674,885.0,BL4,0.8549,2023-10-04 10:45:44,1.19518765e+11,9,7.9679177e+12,1
345,71.51984,-151.57584,64,34.84425,403.66476,886.0,BL4,0.85535,2023-10-04 10:45:44,1.2485345e+11,9,8.1598496e+12,1
345,71.51984,-151.57584,64,34.7084,275.68985,889.0,BL4,0.41615,2023-10-04 10:45:44,1.2563146e+11,9,8.238018e+12,1
345,71.51984,-151.57584,64,34.41445,201.75786,891.0,BL4,-0.19835,2023-10-04 10:45:44,6.772575e+11,9,8.001166e+12,1
345,71.51984,-151.57584,64,34.1751,179.76549,892.0,BL4,-0.62745,2023-10-04 10:45:44,1.2146641e+11,9,8.097761e+12,1
345,71.51984,-151.57584,64,33.8419,166.90224,893.0,BL4,-0.90175,2023-10-04 10:45:44,6.3863344e+11,9,8.1167563e+12,1
345,71.51984,-151.57584,64,33.32185,160.90694,894.0,BL4,-1.2832,2023-10-04 10:45:44,7.027548e+11,9,7.8039834e+12,1
345,71.51984,-151.57584,64,32.3312,120.80164,897.0,BL4,-1.1974,2023-10-04 10:45:44,1.2229186e+11,9,7.7039235e+12,1
345,71.51984,-151.57584,64,30.4409,29.635103,900.0,BL4,4.84325,2023-10-04 10:45:44,6.307887e+11,9,7.309444e+12,1
345,71.51984,-151.57584,64,29.9344,5.869365,902.0,BL4,4.5986,2023-10-04 10:45:44,6.6858425e+11,9,7.1254813e+12,1
345,72.597664,-144.719,64,34.95465,3325.9404,940.0,Stn A,-0.29325,2023-10-05 03:56:42,6.936162e+11,9,8.481349e+12,1
345,72.597664,-144.719,64,34.93895,2003.7233,942.0,Stn A,-0.40285,2023-10-05 03:56:42,1.2879321e+11,9,8.2394156e+12,1
345,72.597664,-144.719,64,34.90755,1503.627,943.0,Stn A,-0.29785,2023-10-05 03:56:42,6.84216e+11,9,8.07884e+12,1
345,72.597664,-144.719,64,34.8756,1003.1476,944.0,Stn A,0.0615,2023-10-05 03:56:42,1.2459513e+11,9,8.188186e+12,1
345,72.597664,-144.719,64,34.8658,803.81384,945.0,Stn A,0.31015,2023-10-05 03:56:42,7.3106974e+11,9,8.214955e+12,1
345,72.597664,-144.719,64,34.85285,603.66656,946.0,Stn A,0.6133,2023-10-05 03:56:42,1.3716806e+11,9,8.3331126e+12,1
345,72.597664,-144.719,64,34.8287,461.80344,947.0,Stn A,0.76385,2023-10-05 03:56:42,1.1928779e+11,9,7.6805607e+12,1
345,72.597664,-144.719,64,34.42295,272.09967,950.0,Stn A,-0.2407,2023-10-05 03:56:42,1.2578679e+11,9,8.1876054e+12,1
345,72.597664,-144.719,64,34.19365,248.88841,951.0,Stn A,-0.6141,2023-10-05 03:56:42,8.4914215e+11,9,7.870241e+12,1
345,72.597664,-144.719,64,33.75185,224.08379,952.0,Stn A,-1.064,2023-10-05 03:56:42,1.3009749e+11,9,8.0334684e+12,1
345,72.597664,-144.719,64,33.1158,196.10713,953.0,Stn A,-1.41615,2023-10-05 03:56:42,8.5921956e+11,9,8.051883e+12,1
345,72.597664,-144.719,64,31.8564,84.878525,957.0,Stn A,-0.56265,2023-10-05 03:56:42,1.1900994e+11,9,7.5188776e+12,1
345,72.597664,-144.719,64,31.11905,58.363033,958.0,Stn A,0.07565,2023-10-05 03:56:42,1.189953e+11,9,7.2836034e+12,1
345,72.597664,-144.719,64,25.2164,5.3771396,963.0,Stn A,1.0407,2023-10-05 03:56:42,6.5725347e+11,9,6.069195e+12,1
345,70.5395,-122.94517,131,27.6802,5.849896,47.0,AG5,3.2875,2022-09-18 05:10:22,33.754932,6,1411.6384,1
345,70.5395,-122.94517,131,31.2421,32.150578,41.0,AG5,-1.049,2022-09-18 05:10:22,40.514877,6,1347.8292,1
345,70.5395,-122.94517,131,32.8468,101.903755,37.0,AG5,-1.1744,2022-09-18 05:10:22,47.80055,6,1703.1829,1
345,70.5395,-122.94517,131,33.2132,124.83264,36.0,AG5,-1.0952,2022-09-18 05:10:22,51.894142,6,1863.9877,1
345,70.5395,-122.94517,131,34.6833,303.65738,29.0,AG5,0.2942,2022-09-18 05:10:22,77.50565,6,3230.185,1
345,70.5395,-122.94517,131,34.7131,352.5692,28.0,AG5,0.3477,2022-09-18 05:10:22,90.52871,6,3208.5522,1
345,70.5395,-122.94517,131,34.7472,499.39294,26.0,AG5,0.4225,2022-09-18 05:10:22,75.0278,6,3268.7666,1
345,70.5395,-122.94517,131,34.7544,591.0342,25.0,AG5,0.4497,2022-09-18 05:10:22,79.231155,6,3226.03,1
345,71.52067,-151.58983,131,30.2406,6.2880335,719.0,BL4,-0.8615,2022-10-04 15:18:14,233.36487,6,1370.629,1
345,71.52067,-151.58983,131,30.2397,6.4760876,718.0,BL4,-0.8633,2022-10-04 15:18:14,281.98187,6,1590.1588,1
345,71.52067,-151.58983,131,31.431,36.372494,716.0,BL4,-0.5816,2022-10-04 15:18:14,163.67134,6,1218.2273,1
345,71.52067,-151.58983,131,33.1483,155.48808,710.0,BL4,-1.207,2022-10-04 15:18:14,58.563046,6,1606.3494,1
345,71.52067,-151.58983,131,34.7062,303.6385,705.0,BL4,0.4056,2022-10-04 15:18:14,268.13437,6,2597.9487,1
345,71.52067,-151.58983,131,34.8612,603.2054,700.0,BL4,0.7677,2022-10-04 15:18:14,275.27658,6,2375.0483,1
345,71.52067,-151.58983,131,34.87,803.6271,699.0,BL4,0.459,2022-10-04 15:18:14,289.6963,6,3024.681,1
345,71.52067,-151.58983,131,34.8914,1152.5762,698.0,BL4,-0.0727,2022-10-04 15:18:14,233.27313,6,2647.806,1
345,71.95417,-150.30017,131,29.4647,5.3911815,788.0,BL8,-0.3142,2022-10-05 05:23:02,192.64764,6,1478.0516,1
345,71.95417,-150.30017,131,30.9158,35.754124,783.0,BL8,-0.0506,2022-10-05 05:23:02,150.44998,6,1452.901,1
345,71.95417,-150.30017,131,31.8549,55.401527,782.0,BL8,-0.2421,2022-10-05 05:23:02,171.7357,6,1187.6888,1
345,71.95417,-150.30017,131,33.207,150.53432,778.0,BL8,-1.1938,2022-10-05 05:23:02,170.66858,6,1354.0398,1
345,71.95417,-150.30017,131,34.4245,227.44409,775.0,BL8,-0.2152,2022-10-05 05:23:02,277.02335,6,2960.6904,1
345,71.95417,-150.30017,131,34.6985,287.38004,774.0,BL8,0.3532,2022-10-05 05:23:02,280.95535,6,2846.433,1
345,71.95417,-150.30017,131,34.8485,467.44626,772.0,BL8,0.8241,2022-10-05 05:23:02,140.86597,6,2243.7483,1
345,71.95417,-150.30017,131,34.8618,602.1114,770.0,BL8,0.6771,2022-10-05 05:23:02,143.47894,6,2321.8525,1
345,71.95417,-150.30017,131,34.8707,801.6903,769.0,BL8,0.422,2022-10-05 05:23:02,138.08339,6,2409.3164,1
345,71.95417,-150.30017,131,34.8869,1002.7577,768.0,BL8,-0.011,2022-10-05 05:23:02,235.27281,6,2717.2903,1
345,71.95417,-150.30017,131,34.9201,1501.4738,767.0,BL8,-0.3388,2022-10-05 05:23:02,106.41265,6,1296.5485,1
345,71.95417,-150.30017,131,34.9441,2002.0543,766.0,BL8,-0.3997,2022-10-05 05:23:02,33.50541,6,252.52429,1
345,71.95417,-150.30017,131,34.9595,2962.544,765.0,BL8,-0.3213,2022-10-05 05:23:02,8.781114,6,16.830185,1
345,78.30617,-153.21217,131,27.5739,5.803205,459.0,CB10,-1.4778,2022-09-29 07:18:31,64.16102,6,1435.3274,1
345,78.30617,-153.21217,131,31.8668,60.36603,453.0,CB10,-1.4003,2022-09-29 07:18:31,77.55867,6,836.5653,1
345,78.30617,-153.21217,131,33.1653,152.31578,449.0,CB10,-1.4512,2022-09-29 07:18:31,45.7518,6,1503.0546,1
345,78.30617,-153.21217,131,34.4223,227.1655,446.0,CB10,-0.7144,2022-09-29 07:18:31,275.7812,6,2282.3276,1
345,78.30617,-153.21217,131,34.719,291.15692,444.0,CB10,0.4488,2022-09-29 07:18:31,236.54698,6,2066.4521,1
345,78.30617,-153.21217,131,34.8489,438.64542,443.0,CB10,0.9123,2022-09-29 07:18:31,114.01978,6,2201.7458,1
345,78.30617,-153.21217,131,34.8721,603.0976,441.0,CB10,0.7515,2022-09-29 07:18:31,62.456062,6,2187.9363,1
345,78.30617,-153.21217,131,34.8819,803.2659,440.0,CB10,0.3802,2022-09-29 07:18:31,199.24298,6,2304.8755,1
345,78.30617,-153.21217,131,34.8886,1003.2225,439.0,CB10,0.1027,2022-09-29 07:18:31,191.03157,6,2347.4844,1
345,78.30617,-153.21217,131,34.9125,1503.7498,438.0,CB10,-0.2933,2022-09-29 07:18:31,60.4883,6,1464.4713,1
345,78.30617,-153.21217,131,34.9452,2003.2317,437.0,CB10,-0.3997,2022-09-29 07:18:31,17.166176,6,264.29962,1
345,78.30617,-153.21217,131,34.9554,2404.5703,436.0,CB10,-0.3731,2022-09-29 07:18:31,11.833401,6,56.59708,1
345,78.9975,-149.28984,131,26.638,6.4738913,435.0,CB11,-1.4046,2022-09-28 05:29:08,80.93089,6,1360.0999,1
345,78.9975,-149.28984,131,31.1562,48.196518,430.0,CB11,0.4882,2022-09-28 05:29:08,51.722538,6,1087.7833,1
345,78.9975,-149.28984,131,31.8855,76.422935,429.0,CB11,-0.6234,2022-09-28 05:29:08,54.21091,6,1051.834,1
345,78.9975,-149.28984,131,33.1394,179.15092,425.0,CB11,-1.4691,2022-09-28 05:29:08,163.59734,6,1502.8715,1
345,78.9975,-149.28984,131,34.4213,258.4547,422.0,CB11,-0.4029,2022-09-28 05:29:08,302.02155,6,2962.2405,1
345,78.9975,-149.28984,131,34.7217,326.40707,421.0,CB11,0.4134,2022-09-28 05:29:08,123.034775,6,2959.0037,1
345,78.9975,-149.28984,131,34.8584,507.774,419.0,CB11,0.8479,2022-09-28 05:29:08,119.68508,6,2465.8523,1
345,78.9975,-149.28984,131,34.8622,603.7674,418.0,CB11,0.6372,2022-09-28 05:29:08,134.42729,6,2425.7144,1
345,78.9975,-149.28984,131,34.8733,803.7271,417.0,CB11,0.3077,2022-09-28 05:29:08,236.50093,6,2999.2585,1
345,78.9975,-149.28984,131,34.8832,1003.9362,416.0,CB11,0.0545,2022-09-28 05:29:08,203.87877,6,2617.0886,1
345,78.9975,-149.28984,131,34.912,1503.693,415.0,CB11,-0.2902,2022-09-28 05:29:08,51.136173,6,1388.8441,1
345,78.9975,-149.28984,131,34.9422,2003.6576,414.0,CB11,-0.4002,2022-09-28 05:29:08,16.653978,6,290.39667,1
345,78.9975,-149.28984,131,34.9591,3718.1765,412.0,CB11,-0.2562,2022-09-28 05:29:08,3.1562374,6,1.2331777,1
345,77.00633,-140.04016,131,25.8748,5.7015777,315.0,CB15,-1.3927,2022-09-24 02:01:43,30.773098,6,1283.9243,1
345,77.00633,-140.04016,131,31.1531,60.844883,310.0,CB15,0.3295,2022-09-24 02:01:43,33.138367,6,1117.3352,1
345,77.00633,-140.04016,131,31.8773,86.954,309.0,CB15,-0.5846,2022-09-24 02:01:43,28.015688,6,1056.3911,1
345,77.00633,-140.04016,131,33.1184,202.01295,305.0,CB15,-1.4689,2022-09-24 02:01:43,36.773346,6,1415.4415,1
345,77.00633,-140.04016,131,34.4319,275.96976,302.0,CB15,-0.3448,2022-09-24 02:01:43,78.691986,6,3232.9543,1
345,77.00633,-140.04016,131,34.721,341.9773,301.0,CB15,0.422,2022-09-24 02:01:43,85.03979,6,2943.565,1
345,77.00633,-140.04016,131,34.8448,494.94208,299.0,CB15,0.823,2022-09-24 02:01:43,64.66941,6,2521.1418,1
345,77.00633,-140.04016,131,34.859,602.13135,298.0,CB15,0.6296,2022-09-24 02:01:43,69.628395,6,2593.1028,1
345,77.00633,-140.04016,131,34.8711,802.16284,297.0,CB15,0.2837,2022-09-24 02:01:43,60.288616,6,2369.3948,1
345,77.00633,-140.04016,131,34.8804,1002.9203,296.0,CB15,0.0208,2022-09-24 02:01:43,54.127552,6,2282.185,1
345,77.00633,-140.04016,131,34.9142,1502.8949,295.0,CB15,-0.2843,2022-09-24 02:01:43,34.801395,6,1073.8013,1
345,77.00633,-140.04016,131,34.9432,2002.3699,294.0,CB15,-0.4036,2022-09-24 02:01:43,12.951064,6,225.04677,1
345,77.00633,-140.04016,131,34.9589,3627.2786,292.0,CB15,-0.2655,2022-09-24 02:01:43,1.5731415,6,7.3661556,1
345,78.001,-140.01633,131,26.3704,5.758745,339.0,CB16,-1.3592,2022-09-24 23:19:08,73.66601,6,1305.0594,1
345,78.001,-140.01633,131,30.6287,47.06654,334.0,CB16,0.3873,2022-09-24 23:19:08,56.787655,6,1144.8086,1
345,78.001,-140.01633,131,31.8451,77.02014,333.0,CB16,-0.6534,2022-09-24 23:19:08,57.33241,6,1114.7365,1
345,78.001,-140.01633,131,33.1519,189.14714,329.0,CB16,-1.4336,2022-09-24 23:19:08,185.37238,6,1614.2303,1
345,78.001,-140.01633,131,34.43,262.90808,326.0,CB16,-0.3636,2022-09-24 23:19:08,311.50894,6,3114.5286,1
345,78.001,-140.01633,131,34.8526,486.85312,323.0,CB16,0.8105,2022-09-24 23:19:08,82.97872,6,2702.6643,1
345,78.001,-140.01633,131,34.8603,602.41876,322.0,CB16,0.5962,2022-09-24 23:19:08,165.63057,6,2636.9922,1
345,78.001,-140.01633,131,34.8718,802.70734,321.0,CB16,0.2653,2022-09-24 23:19:08,205.81377,6,2677.5085,1
345,78.001,-140.01633,131,34.8822,1002.9897,320.0,CB16,0.0107,2022-09-24 23:19:08,228.84645,6,2709.3752,1
345,78.001,-140.01633,131,34.9116,1468.9,319.0,CB16,-0.289,2022-09-24 23:19:08,110.05402,6,1489.6329,1
345,78.001,-140.01633,131,34.944,2003.128,318.0,CB16,-0.4046,2022-09-24 23:19:08,14.458081,6,209.28355,1
345,78.001,-140.01633,131,34.959,3653.0896,316.0,CB16,-0.2628,2022-09-24 23:19:08,4.051219,6,7.1713686,1
345,75.988335,-140.00717,131,25.7945,5.7384343,243.0,CB17,-1.3624,2022-09-22 02:02:41,70.4237,6,1298.1713,1
345,75.988335,-140.00717,131,30.3419,41.95641,240.0,CB17,0.8756,2022-09-22 02:02:41,69.57486,6,1310.7349,1
345,75.988335,-140.00717,131,31.7998,84.07334,237.0,CB17,-0.4644,2022-09-22 02:02:41,53.94384,6,1094.3634,1
345,75.988335,-140.00717,131,33.169,208.2852,233.0,CB17,-1.4235,2022-09-22 02:02:41,185.5224,6,1674.4727,1
345,75.988335,-140.00717,131,34.4246,284.0444,230.0,CB17,-0.365,2022-09-22 02:02:41,352.31226,6,3265.0757,1
345,75.988335,-140.00717,131,34.8492,508.33908,227.0,CB17,0.8199,2022-09-22 02:02:41,78.70481,6,2665.0083,1
345,75.988335,-140.00717,131,34.8571,602.6238,226.0,CB17,0.6428,2022-09-22 02:02:41,98.76849,6,2733.258,1
345,75.988335,-140.00717,131,34.8682,802.84674,225.0,CB17,0.2675,2022-09-22 02:02:41,784.55164,6,984.3216,1
345,75.988335,-140.00717,131,34.8795,1002.9159,224.0,CB17,0.0176,2022-09-22 02:02:41,203.39514,6,2810.1643,1
345,75.988335,-140.00717,131,34.9151,1502.8687,223.0,CB17,-0.2919,2022-09-22 02:02:41,99.57137,6,1298.8262,1
345,75.988335,-140.00717,131,34.9431,2002.6338,222.0,CB17,-0.4034,2022-09-22 02:02:41,15.05055,6,297.20825,1
345,75.988335,-140.00717,131,34.959,3586.6294,220.0,CB17,-0.2694,2022-09-22 02:02:41,3.3522274,6,10.99691,1
345,75.01683,-140.07683,131,25.1384,5.8336844,219.0,CB18,-1.3398,2022-09-21 16:12:10,39.86348,6,1429.2903,1
345,75.01683,-140.07683,131,30.863,57.975155,216.0,CB18,0.6449,2022-09-21 16:12:10,35.882008,6,1125.4736,1
345,75.01683,-140.07683,131,31.8302,100.38636,214.0,CB18,-0.5203,2022-09-21 16:12:10,27.549328,6,1064.3828,1
345,75.01683,-140.07683,131,33.1514,212.3475,210.0,CB18,-1.4263,2022-09-21 16:12:10,54.062756,6,1493.3798,1
345,75.01683,-140.07683,131,34.4436,292.35483,207.0,CB18,-0.2553,2022-09-21 16:12:10,100.640564,6,3521.5044,1
345,75.01683,-140.07683,131,34.7155,355.83777,206.0,CB18,0.4168,2022-09-21 16:12:10,91.20481,6,3019.0376,1
345,75.01683,-140.07683,131,34.8406,502.7906,204.0,CB18,0.7941,2022-09-21 16:12:10,71.16253,6,2799.2532,1
345,75.01683,-140.07683,131,34.8564,602.33527,203.0,CB18,0.6448,2022-09-21 16:12:10,69.21005,6,2751.2283,1
345,75.01683,-140.07683,131,34.8682,803.2089,202.0,CB18,0.2788,2022-09-21 16:12:10,72.8771,6,2553.9495,1
345,75.01683,-140.07683,131,34.8793,1002.6651,201.0,CB18,0.023,2022-09-21 16:12:10,68.22332,6,2575.0107,1
345,75.01683,-140.07683,131,34.9145,1502.7395,200.0,CB18,-0.2918,2022-09-21 16:12:10,35.13065,6,1072.1068,1
345,75.01683,-140.07683,131,34.9436,2002.2642,199.0,CB18,-0.4043,2022-09-21 16:12:10,9.31179,6,228.09732,1
345,75.01683,-140.07683,131,34.959,3524.237,196.0,CB18,-0.2756,2022-09-21 16:12:10,1.0428318,6,4.6886024,1
345,73.00066,-150.0015,131,25.6193,4.179505,836.0,CB2,0.1557,2022-10-05 15:22:55,261.59625,6,1466.8533,1
345,73.00066,-150.0015,131,25.6194,9.313953,831.0,CB2,0.1689,2022-10-05 15:22:55,223.08371,6,1620.7152,1
345,73.00066,-150.0015,131,31.8644,85.45647,830.0,CB2,-0.5445,2022-10-05 15:22:55,172.56119,6,1130.06,1
345,73.00066,-150.0015,131,33.1154,199.65855,826.0,CB2,-1.3376,2022-10-05 15:22:55,168.31358,6,1478.5791,1
345,73.00066,-150.0015,131,34.4686,284.78552,823.0,CB2,-0.1532,2022-10-05 15:22:55,411.4228,6,3121.8745,1
345,73.00066,-150.0015,131,34.7116,353.86823,822.0,CB2,0.4177,2022-10-05 15:22:55,146.26622,6,2729.6235,1
345,73.00066,-150.0015,131,34.8458,512.545,820.0,CB2,0.8361,2022-10-05 15:22:55,175.63524,6,2559.9146,1
345,73.00066,-150.0015,131,34.8716,802.8022,818.0,CB2,0.351,2022-10-05 15:22:55,254.71158,6,3137.9084,1
345,73.00066,-150.0015,131,34.8808,1002.89307,817.0,CB2,0.1023,2022-10-05 15:22:55,205.06111,6,2733.5981,1
345,73.00066,-150.0015,131,34.91,1502.6187,816.0,CB2,-0.2747,2022-10-05 15:22:55,174.23041,6,1984.9183,1
345,73.00066,-150.0015,131,34.9592,3649.7542,813.0,CB2,-0.2624,2022-10-05 15:22:55,2.5715125,6,0.76568925,1
345,73.97117,-139.80766,131,30.998,64.70968,922.0,CB21,0.5305,2022-10-08 11:12:36,199.96727,6,1017.8255,1
345,73.97117,-139.80766,131,31.8375,92.49165,921.0,CB21,-0.5247,2022-10-08 11:12:36,103.814415,6,1203.9781,1
345,73.984665,-139.90567,131,34.7246,359.03638,908.0,CB21,0.4455,2022-10-08 07:24:16,476.43872,6,3287.1848,1
345,73.984665,-139.90567,131,34.8344,474.4461,903.0,CB21,0.7637,2022-10-08 07:24:16,348.54944,6,3198.6792,1
345,73.984665,-139.90567,131,34.8672,801.7667,901.0,CB21,0.2771,2022-10-08 07:24:16,420.50568,6,3061.8193,1
345,73.984665,-139.90567,131,34.8796,1000.89923,896.0,CB21,0.0257,2022-10-08 07:24:16,439.0448,6,2796.6978,1
345,73.984665,-139.90567,131,34.9433,2001.0637,892.0,CB21,-0.4036,2022-10-08 07:24:16,118.98265,6,423.7196,1
345,73.984665,-139.90567,131,34.9553,2502.5005,891.0,CB21,-0.3773,2022-10-08 07:24:16,7.3497458,6,27.19545,1
345,73.00933,-139.91484,131,24.7561,5.7164855,980.0,CB27,-1.3463,2022-10-10 08:17:35,212.69864,6,1281.3308,1
345,73.00933,-139.91484,131,31.2706,65.16002,975.0,CB27,0.2058,2022-10-10 08:17:35,168.36183,6,1255.1288,1
345,73.00933,-139.91484,131,31.867,90.35437,974.0,CB27,-0.5499,2022-10-10 08:17:35,174.08878,6,1178.9012,1
345,73.00933,-139.91484,131,33.1614,215.3868,970.0,CB27,-1.4211,2022-10-10 08:17:35,179.31418,6,1554.8983,1
345,73.00933,-139.91484,131,34.4421,307.01672,967.0,CB27,-0.2268,2022-10-10 08:17:35,369.37674,6,3769.7395,1
345,73.00933,-139.91484,131,34.7194,390.8268,966.0,CB27,0.4165,2022-10-10 08:17:35,177.45268,6,3151.458,1
345,73.00933,-139.91484,131,34.82,460.9413,964.0,CB27,0.6168,2022-10-10 08:17:35,130.16263,6,3031.03,1
345,73.00933,-139.91484,131,34.8619,602.94904,963.0,CB27,0.3433,2022-10-10 08:17:35,110.33799,6,2689.55,1
345,73.00933,-139.91484,131,34.8739,802.722,962.0,CB27,0.1098,2022-10-10 08:17:35,264.3334,6,3436.7632,1
345,73.00933,-139.91484,131,34.9169,1502.953,960.0,CB27,-0.3236,2022-10-10 08:17:35,109.39566,6,1419.5457,1
345,73.00933,-139.91484,131,34.9445,2002.2766,959.0,CB27,-0.4046,2022-10-10 08:17:35,31.057358,6,258.59225,1
345,73.00933,-139.91484,131,34.959,3198.6462,957.0,CB27,-0.3048,2022-10-10 08:17:35,4.3723817,6,3.4699743,1
345,71.01033,-139.98933,131,31.506,60.68064,1022.0,CB28b,-0.5917,2022-10-10 22:10:52,76.067856,6,1394.4578,1
345,71.01033,-139.98933,131,31.9147,73.45103,1021.0,CB28b,-0.899,2022-10-10 22:10:52,183.34647,6,1255.7717,1
345,71.01033,-139.98933,131,33.1826,170.79872,1016.0,CB28b,-1.2913,2022-10-10 22:10:52,271.00137,6,1978.5972,1
345,71.01033,-139.98933,131,34.4245,246.70149,1013.0,CB28b,-0.2297,2022-10-10 22:10:52,335.3943,6,3388.3818,1
345,71.01033,-139.98933,131,34.7111,316.84518,1012.0,CB28b,0.4187,2022-10-10 22:10:52,257.31992,6,2803.9712,1
345,71.01033,-139.98933,131,34.8314,469.68198,1010.0,CB28b,0.731,2022-10-10 22:10:52,142.45784,6,2632.9307,1
345,71.01033,-139.98933,131,34.9509,2076.547,1005.0,CB28b,-0.3883,2022-10-10 22:10:52,20.716125,6,143.92566,1
345,75.005165,-150.0805,131,25.3609,6.1048326,648.0,CB4,-1.0969,2022-10-03 04:43:09,249.84009,6,1452.3297,1
345,75.005165,-150.0805,131,31.3103,65.325775,641.0,CB4,0.2279,2022-10-03 04:43:09,173.17596,6,1246.6619,1
345,75.005165,-150.0805,131,34.4269,280.95178,629.0,CB4,-0.2461,2022-10-03 04:43:09,162.4455,6,3540.0625,1
345,75.005165,-150.0805,131,34.71,349.4867,603.0,CB4,0.4112,2022-10-02 03:41:37,107.09419,6,3549.8982,1
345,75.005165,-150.0805,131,34.8324,484.35825,598.0,CB4,0.7709,2022-10-02 03:41:37,385.2603,6,2893.466,1
345,75.005165,-150.0805,131,34.8555,603.0529,597.0,CB4,0.6784,2022-10-02 03:41:37,401.4123,6,3090.4275,1
345,75.005165,-150.0805,131,34.868,802.94714,596.0,CB4,0.3518,2022-10-02 03:41:37,200.76494,6,2989.3337,1
345,75.005165,-150.0805,131,34.8775,1001.3184,592.0,CB4,0.091,2022-10-02 03:41:37,259.74094,6,3195.559,1
345,75.005165,-150.0805,131,34.9083,1501.3364,591.0,CB4,-0.2663,2022-10-02 03:41:37,71.90703,6,1445.9781,1
345,75.005165,-150.0805,131,34.9402,2001.4674,588.0,CB4,-0.3944,2022-10-02 03:41:37,57.000347,6,395.253,1
345,75.005165,-150.0805,131,34.959,3718.407,582.0,CB4,-0.2558,2022-10-02 03:41:37,5.97301,6,19.94778,1
345,75.2995,-153.3045,131,25.5449,5.9177227,627.0,CB5,-1.3633,2022-10-02 13:17:47,85.43007,6,1464.4086,1
345,75.2995,-153.3045,131,31.2146,62.612278,624.0,CB5,0.3149,2022-10-02 13:17:47,49.870174,6,1150.8097,1
345,75.2995,-153.3045,131,31.8141,85.350975,623.0,CB5,-0.5139,2022-10-02 13:17:47,53.37443,6,1125.97,1
345,75.2995,-153.3045,131,33.1514,199.45436,619.0,CB5,-1.4902,2022-10-02 13:17:47,183.99744,6,1602.3716,1
345,75.2995,-153.3045,131,34.447,276.67288,616.0,CB5,-0.2313,2022-10-02 13:17:47,415.6735,6,3346.6506,1
345,75.2995,-153.3045,131,34.7125,339.35367,614.0,CB5,0.4111,2022-10-02 13:17:47,98.9602,6,3171.0073,1
345,75.2995,-153.3045,131,34.837,468.54898,612.0,CB5,0.7787,2022-10-02 13:17:47,79.152054,6,3098.4612,1
345,75.2995,-153.3045,131,34.8577,603.46515,611.0,CB5,0.5909,2022-10-02 13:17:47,87.91182,6,2942.693,1
345,75.2995,-153.3045,131,34.8703,803.9605,610.0,CB5,0.2486,2022-10-02 13:17:47,273.8293,6,3114.0354,1
345,75.2995,-153.3045,131,34.8816,1003.7088,609.0,CB5,0.0063,2022-10-02 13:17:47,215.80872,6,2836.2622,1
345,75.2995,-153.3045,131,34.9027,1503.013,608.0,CB5,-0.1999,2022-10-02 13:17:47,157.64969,6,1979.0116,1
345,75.2995,-153.3045,131,34.9322,2003.2987,607.0,CB5,-0.3717,2022-10-02 13:17:47,75.16186,6,510.38794,1
345,75.2995,-153.3045,131,34.9589,3743.9978,604.0,CB5,-0.2532,2022-10-02 13:17:47,3.1305761,6,5.85405,1
345,73.499664,-130.90334,131,27.1105,6.570415,167.0,CB51,-1.2456,2022-09-20 11:29:12,275.86508,6,1464.7516,1
345,73.499664,-130.90334,131,31.0359,52.150738,164.0,CB51,0.2594,2022-09-20 11:29:12,193.67963,6,1216.3185,1
345,73.499664,-130.90334,131,31.9551,82.17186,163.0,CB51,-0.668,2022-09-20 11:29:12,148.6752,6,941.2006,1
345,73.499664,-130.90334,131,33.1783,175.94856,159.0,CB51,-1.3542,2022-09-20 11:29:12,255.15239,6,1835.6318,1
345,73.499664,-130.90334,131,34.4369,245.8392,156.0,CB51,-0.1954,2022-09-20 11:29:12,587.3889,6,3532.7905,1
345,73.499664,-130.90334,131,34.7121,307.1464,155.0,CB51,0.3856,2022-09-20 11:29:12,739.9836,6,3881.572,1
345,73.499664,-130.90334,131,34.8335,443.1172,152.0,CB51,0.7195,2022-09-20 11:29:12,604.6163,6,3473.7932,1
345,73.499664,-130.90334,131,34.855,602.62604,150.0,CB51,0.4918,2022-09-20 11:29:12,470.81055,6,3481.7957,1
345,73.499664,-130.90334,131,34.9459,2002.0668,146.0,CB51,-0.3983,2022-09-20 11:29:12,49.494106,6,257.38947,1
345,73.499664,-130.90334,131,34.9578,2484.6677,145.0,CB51,-0.3619,2022-09-20 11:29:12,6.3712225,6,21.359865,1
345,77.00433,-149.91417,131,25.9817,6.6287374,555.0,CB8,-1.3878,2022-10-01 01:40:14,273.83032,6,1664.8333,1
345,77.00433,-149.91417,131,31.3353,62.1477,550.0,CB8,0.2078,2022-10-01 01:40:14,79.23489,6,1227.4564,1
345,77.00433,-149.91417,131,31.86,84.043045,549.0,CB8,-0.558,2022-10-01 01:40:14,156.96066,6,1060.7703,1
345,77.00433,-149.91417,131,33.129,195.96593,545.0,CB8,-1.4812,2022-10-01 01:40:14,195.44633,6,1529.4968,1
345,77.00433,-149.91417,131,34.713,345.8922,541.0,CB8,0.3942,2022-10-01 01:40:14,153.48337,6,3588.0327,1
345,77.00433,-149.91417,131,34.8383,466.4503,539.0,CB8,0.8288,2022-10-01 01:40:14,354.699,6,2884.2446,1
345,77.00433,-149.91417,131,34.8634,603.82446,538.0,CB8,0.7359,2022-10-01 01:40:14,295.59167,6,2481.258,1
345,77.00433,-149.91417,131,34.8802,1003.1853,536.0,CB8,0.0821,2022-10-01 01:40:14,292.08792,6,2511.6418,1
345,77.00433,-149.91417,131,34.9088,1502.6356,535.0,CB8,-0.2748,2022-10-01 01:40:14,98.379105,6,1543.7332,1
345,77.00433,-149.91417,131,34.9413,2002.9541,534.0,CB8,-0.3974,2022-10-01 01:40:14,53.342995,6,337.71454,1
345,77.00433,-149.91417,131,34.959,3726.8257,532.0,CB8,-0.2551,2022-10-01 01:40:14,4.110344,6,8.604109,1
345,78.00467,-149.946,131,26.3271,6.3731985,480.0,CB9,-1.4008,2022-09-29 13:35:04,84.83976,6,1512.1276,1
345,78.00467,-149.946,131,31.3308,53.332413,473.0,CB9,0.2213,2022-09-29 13:35:04,46.875683,6,1189.3851,1
345,78.00467,-149.946,131,31.8338,73.02308,472.0,CB9,-0.504,2022-09-29 13:35:04,164.59666,6,1152.0763,1
345,78.00467,-149.946,131,33.111,173.61012,464.0,CB9,-1.5079,2022-09-29 13:35:04,52.046528,6,1378.1748,1
345,78.00467,-149.946,131,34.8486,470.37003,503.0,CB9,0.9056,2022-09-30 00:43:15,229.32607,6,2255.2356,1
345,78.00467,-149.946,131,34.8583,602.4412,501.0,CB9,0.6622,2022-09-30 00:43:15,354.67014,6,2821.9128,1
345,78.00467,-149.946,131,34.8808,803.30725,500.0,CB9,0.4161,2022-09-30 00:43:15,258.28043,6,2289.4978,1
345,78.00467,-149.946,131,34.8873,1001.76337,496.0,CB9,0.1473,2022-09-30 00:43:15,268.65942,6,2105.5913,1
345,78.00467,-149.946,131,34.9095,1501.945,495.0,CB9,-0.2667,2022-09-30 00:43:15,207.32597,6,1632.699,1
345,78.00467,-149.946,131,34.942,2001.6083,492.0,CB9,-0.3981,2022-09-30 00:43:15,21.0548,6,323.76218,1
345,78.00467,-149.946,131,34.959,3715.2405,486.0,CB9,-0.2558,2022-09-30 00:43:15,4.514357,6,14.2824955,1
345,78.00467,-149.946,131,34.4185,252.26862,461.0,CB9,-0.7423,2022-09-29 13:35:04,257.33264,6,2127.0623,1
345,78.00467,-149.946,131,34.7134,317.85934,460.0,CB9,0.407,2022-09-29 13:35:04,154.24217,6,2790.8896,1
345,79.6915,-139.75233,131,27.0706,6.0275207,410.0,NE1,-1.4618,2022-09-27 04:20:57,72.36447,6,1253.9642,1
345,79.6915,-139.75233,131,28.9616,27.107601,408.0,NE1,-1.1792,2022-09-27 04:20:57,59.32561,6,1217.8212,1
345,79.6915,-139.75233,131,31.8611,80.20724,406.0,NE1,-0.6566,2022-09-27 04:20:57,53.642303,6,1019.1983,1
345,79.6915,-139.75233,131,33.1493,176.99265,402.0,NE1,-1.4492,2022-09-27 04:20:57,160.31044,6,1563.44,1
345,79.6915,-139.75233,131,34.7211,316.74002,397.0,NE1,0.3967,2022-09-27 04:20:57,292.68045,6,2662.358,1
345,79.6915,-139.75233,131,34.857,488.68375,369.0,NE1,0.8438,2022-09-27 02:23:02,115.76491,6,2450.5386,1
345,79.6915,-139.75233,131,34.8631,602.7942,368.0,NE1,0.5881,2022-09-27 02:23:02,101.69509,6,2453.343,1
345,79.6915,-139.75233,131,34.872,803.0054,367.0,NE1,0.2444,2022-09-27 02:23:02,221.67659,6,2729.6912,1
345,79.6915,-139.75233,131,34.8835,1001.66266,366.0,NE1,0.0159,2022-09-27 02:23:02,186.69511,6,2489.606,1
345,79.6915,-139.75233,131,34.9438,2002.0999,393.0,NE1,-0.4041,2022-09-27 04:20:57,14.457614,6,208.17175,1
345,79.6915,-139.75233,131,34.959,3660.7048,391.0,NE1,-0.262,2022-09-27 04:20:57,3.3617537,6,4.9514437,1
345,72.59967,-144.68266,131,24.8759,4.712056,884.0,Stn A,0.4311,2022-10-07 17:13:40,62.12628,6,1332.9862,1
345,72.59967,-144.68266,131,30.2167,41.41506,881.0,Stn A,0.4746,2022-10-07 17:13:40,53.651592,6,1426.6676,1
345,72.59967,-144.68266,131,29.4583,84.01088,878.0,Stn A,-0.3146,2022-10-07 17:13:40,54.840916,6,1072.6277,1
345,72.59967,-144.68266,131,32.3341,120.89943,877.0,Stn A,-1.2253,2022-10-07 17:13:40,63.936195,6,1232.7405,1
345,72.59967,-144.68266,131,32.6171,151.64568,876.0,Stn A,-1.3464,2022-10-07 17:13:40,79.03861,6,1426.661,1
345,72.59967,-144.68266,131,32.9366,182.98557,875.0,Stn A,-1.4302,2022-10-07 17:13:40,168.70734,6,1487.5177,1
345,72.59967,-144.68266,131,33.1058,194.95715,874.0,Stn A,-1.3997,2022-10-07 17:13:40,177.57971,6,1581.5057,1
345,72.59967,-144.68266,131,33.6471,219.50925,873.0,Stn A,-1.1367,2022-10-07 17:13:40,264.80463,6,2414.5488,1
345,72.59967,-144.68266,131,34.1582,248.6531,872.0,Stn A,-0.6755,2022-10-07 17:13:40,454.13904,6,3582.1401,1
345,72.59967,-144.68266,131,34.4281,272.30426,871.0,Stn A,-0.2421,2022-10-07 17:13:40,401.19016,6,3714.489,1
345,72.59967,-144.68266,131,34.7216,345.6502,870.0,Stn A,0.4411,2022-10-07 17:13:40,321.88306,6,2763.4893,1
345,72.59967,-144.68266,131,34.7894,396.7394,869.0,Stn A,0.6398,2022-10-07 17:13:40,107.205315,6,2944.8557,1
345,72.59967,-144.68266,131,34.832,471.8638,868.0,Stn A,0.7401,2022-10-07 17:13:40,100.4687,6,3141.142,1
345,72.59967,-144.68266,131,34.8541,602.90076,867.0,Stn A,0.61,2022-10-07 17:13:40,97.020775,6,3143.6187,1
345,72.59967,-144.68266,131,34.8675,802.51733,866.0,Stn A,0.3049,2022-10-07 17:13:40,74.62932,6,2888.4219,1
345,72.59967,-144.68266,131,34.878,1003.1977,865.0,Stn A,0.0463,2022-10-07 17:13:40,213.33427,6,2863.8716,1
345,72.59967,-144.68266,131,34.9116,1502.6344,864.0,Stn A,-0.292,2022-10-07 17:13:40,122.431,6,1554.261,1
345,72.59967,-144.68266,131,34.9431,2002.7428,863.0,Stn A,-0.4021,2022-10-07 17:13:40,22.887888,6,280.16724,1
345,72.59967,-144.68266,131,34.9536,2392.6992,862.0,Stn A,-0.3842,2022-10-07 17:13:40,8.58011,6,63.701897,1
345,72.59967,-144.68266,131,34.959,3333.0073,861.0,Stn A,-0.2931,2022-10-07 17:13:40,6.220777,6,17.546242,1
345,78.303,-153.24283,131,34.94895,2273.4536,549.0,CB10,-0.37985,2023-09-28 06:29:38,10.386036,6,93.38857,1
345,78.303,-153.24283,131,34.9393,2003.3643,550.0,CB10,-0.3932,2023-09-28 06:29:38,39.59329,6,336.12155,1
345,78.303,-153.24283,131,34.90455,1502.8707,551.0,CB10,-0.2497,2023-09-28 06:29:38,140.72856,6,1613.8866,1
345,78.303,-153.24283,131,34.8828,1003.1813,552.0,CB10,0.1648,2023-09-28 06:29:38,59.63431,6,2141.5098,1
345,78.303,-153.24283,131,34.87485,802.786,553.0,CB10,0.42625,2023-09-28 06:29:38,84.22249,6,2145.3435,1
345,78.303,-153.24283,131,34.86575,603.0,554.0,CB10,0.8084,2023-09-28 06:29:38,180.81079,6,1990.4994,1
345,78.303,-153.24283,131,34.731,297.938,558.0,CB10,0.5571,2023-09-28 06:29:38,60.47475,6,1951.0343,1
345,78.303,-153.24283,131,34.40815,237.72804,559.0,CB10,-0.53125,2023-09-28 06:29:38,271.62186,6,3036.0427,1
345,78.303,-153.24283,131,33.71775,192.14429,561.0,CB10,-1.03335,2023-09-28 06:29:38,249.13768,6,2752.7092,1
345,78.303,-153.24283,131,33.1233,162.86142,562.0,CB10,-1.2955,2023-09-28 06:29:38,59.17305,6,1469.8002,1
345,78.303,-153.24283,131,31.038,37.413677,568.0,CB10,-0.6828,2023-09-28 06:29:38,36.59252,6,1228.2639,1
345,78.303,-153.24283,131,26.4881,5.693377,572.0,CB10,-1.43045,2023-09-28 06:29:38,175.03464,6,1357.5537,1
345,75.29867,-153.29933,131,34.95525,3743.3154,645.0,CB5,-0.25285,2023-09-30 04:34:14,4.8255897,6,12.58907,1
345,75.29867,-153.29933,131,34.9365,2002.9156,648.0,CB5,-0.3957,2023-09-30 04:34:14,16.520292,6,349.9562,1
345,75.29867,-153.29933,131,34.90395,1503.7675,649.0,CB5,-0.26925,2023-09-30 04:34:14,150.06609,6,1557.197,1
345,75.29867,-153.29933,131,34.87685,1004.08307,650.0,CB5,0.1231,2023-09-30 04:34:14,63.486122,6,2290.2373,1
345,75.29867,-153.29933,131,34.8671,803.5554,651.0,CB5,0.4028,2023-09-30 04:34:14,69.07679,6,2499.8833,1
345,75.29867,-153.29933,131,34.85305,603.02606,652.0,CB5,0.72665,2023-09-30 04:34:14,237.07256,6,2675.2207,1
345,75.29867,-153.29933,131,34.84055,527.845,653.0,CB5,0.81795,2023-09-30 04:34:14,243.6529,6,2760.1038,1
345,75.29867,-153.29933,131,34.71625,366.94553,655.0,CB5,0.4342,2023-09-30 04:34:14,110.143974,6,3071.6775,1
345,75.29867,-153.29933,131,34.37825,295.2484,657.0,CB5,-0.33825,2023-09-30 04:34:14,98.739624,6,3558.2883,1
345,75.29867,-153.29933,131,34.14995,273.08646,658.0,CB5,-0.6788,2023-09-30 04:34:14,340.7536,6,3569.5447,1
345,75.29867,-153.29933,131,33.71095,246.07799,659.0,CB5,-1.0853,2023-09-30 04:34:14,251.89716,6,2933.3333,1
345,75.29867,-153.29933,131,33.1127,215.1078,660.0,CB5,-1.3808,2023-09-30 04:34:14,153.74678,6,1717.6812,1
345,75.29867,-153.29933,131,31.8217,92.81524,664.0,CB5,-0.4844,2023-09-30 04:34:14,106.949165,6,1114.3534,1
345,75.29867,-153.29933,131,31.21685,68.13841,665.0,CB5,0.3806,2023-09-30 04:34:14,43.56814,6,1256.199,1
345,75.29867,-153.29933,131,25.1367,5.672309,668.0,CB5,1.12545,2023-09-30 04:34:14,190.76611,6,1557.3657,1
345,71.51984,-151.57584,131,34.88585,1195.625,882.0,BL4,-0.01905,2023-10-04 10:45:44,198.25789,6,2282.322,1
345,71.51984,-151.57584,131,34.86635,803.0809,883.0,BL4,0.5188,2023-10-04 10:45:44,76.469406,6,2395.3137,1
345,71.51984,-151.57584,131,34.8604,602.96857,884.0,BL4,0.69385,2023-10-04 10:45:44,76.45576,6,2446.8828,1
345,71.51984,-151.57584,131,34.83805,393.65674,885.0,BL4,0.8549,2023-10-04 10:45:44,66.75333,6,2395.1648,1
345,71.51984,-151.57584,131,34.84425,403.66476,886.0,BL4,0.85535,2023-10-04 10:45:44,67.21312,6,2445.1428,1
345,71.51984,-151.57584,131,34.7084,275.68985,889.0,BL4,0.41615,2023-10-04 10:45:44,83.15045,6,2736.3374,1
345,71.51984,-151.57584,131,34.41445,201.75786,891.0,BL4,-0.19835,2023-10-04 10:45:44,287.58615,6,3246.4937,1
345,71.51984,-151.57584,131,34.1751,179.76549,892.0,BL4,-0.62745,2023-10-04 10:45:44,92.25292,6,3379.7268,1
345,71.51984,-151.57584,131,33.8419,166.90224,893.0,BL4,-0.90175,2023-10-04 10:45:44,257.20422,6,2993.3142,1
345,71.51984,-151.57584,131,33.32185,160.90694,894.0,BL4,-1.2832,2023-10-04 10:45:44,147.12433,6,1545.0996,1
345,71.51984,-151.57584,131,32.3312,120.80164,897.0,BL4,-1.1974,2023-10-04 10:45:44,37.262596,6,1020.05646,1
345,71.51984,-151.57584,131,30.4409,29.635103,900.0,BL4,4.84325,2023-10-04 10:45:44,81.60634,6,827.81866,1
345,71.51984,-151.57584,131,29.9344,5.869365,902.0,BL4,4.5986,2023-10-04 10:45:44,91.34051,6,892.08636,1
345,72.597664,-144.719,131,34.95465,3325.9404,940.0,Stn A,-0.29325,2023-10-05 03:56:42,3.4357998,6,9.893026,1
345,72.597664,-144.719,131,34.93895,2003.7233,942.0,Stn A,-0.40285,2023-10-05 03:56:42,19.184038,6,271.01105,1
345,72.597664,-144.719,131,34.90755,1503.627,943.0,Stn A,-0.29785,2023-10-05 03:56:42,127.61709,6,1358.8859,1
345,72.597664,-144.719,131,34.8756,1003.1476,944.0,Stn A,0.0615,2023-10-05 03:56:42,88.49764,6,2778.8638,1
345,72.597664,-144.719,131,34.8658,803.81384,945.0,Stn A,0.31015,2023-10-05 03:56:42,240.77478,6,2606.272,1
345,72.597664,-144.719,131,34.85285,603.66656,946.0,Stn A,0.6133,2023-10-05 03:56:42,67.3184,6,2753.774,1
345,72.597664,-144.719,131,34.8287,461.80344,947.0,Stn A,0.76385,2023-10-05 03:56:42,88.96282,6,3030.7402,1
345,72.597664,-144.719,131,34.42295,272.09967,950.0,Stn A,-0.2407,2023-10-05 03:56:42,105.682,6,4082.257,1
345,72.597664,-144.719,131,34.19365,248.88841,951.0,Stn A,-0.6141,2023-10-05 03:56:42,449.86038,6,4007.5378,1
345,72.597664,-144.719,131,33.75185,224.08379,952.0,Stn A,-1.064,2023-10-05 03:56:42,77.59206,6,2683.4224,1
345,72.597664,-144.719,131,33.1158,196.10713,953.0,Stn A,-1.41615,2023-10-05 03:56:42,181.45987,6,1613.4353,1
345,72.597664,-144.719,131,31.8564,84.878525,957.0,Stn A,-0.56265,2023-10-05 03:56:42,50.069813,6,1244.6404,1
345,72.597664,-144.719,131,31.11905,58.363033,958.0,Stn A,0.07565,2023-10-05 03:56:42,45.915844,6,1234.709,1
345,72.597664,-144.719,131,25.2164,5.3771396,963.0,Stn A,1.0407,2023-10-05 03:56:42,176.18506,6,1554.6415,1
